y,v,n
2026,8-20 hours per week,8539
2020,8-20 hours per week,8345
2020,2-4 hours per week,4488
2020,4-8 hours per week,7044
2019,4-8 hours per week,6449
2018,More than 40 hours per week,2572
2016,,35171
2019,20-40 hours per week,4429
2017,,17179
2020,More than 40 hours per week,3068
2021,2-4 hours per week,5400
2019,8-20 hours per week,7346
2019,More than 40 hours per week,2124
2023,20-40 hours per week,7530
2018,4-8 hours per week,8195
2015,,26557
2024,Less than 1 hour per week,588
2025,Less than 1 hour per week,317
2018,8-20 hours per week,9233
2024,20-40 hours per week,6421
2024,4-8 hours per week,9120
2025,20-40 hours per week,9074
2023,4-8 hours per week,8124
2024,1-2 hours per week,2356
2023,1-2 hours per week,2241
2022,8-20 hours per week,7741
2022,20-40 hours per week,7544
2022,4-8 hours per week,6936
2024,2-4 hours per week,6531
2023,2-4 hours per week,5027
2024,8-20 hours per week,7606
2023,8-20 hours per week,8115
2019,2-4 hours per week,4031
2021,4-8 hours per week,8209
2018,2-4 hours per week,5138
2026,1-2 hours per week,730
2019,Less than 1 hour per week,680
2021,8-20 hours per week,9096
2025,8-20 hours per week,7477
2021,20-40 hours per week,6698
2025,4-8 hours per week,7328
2026,4-8 hours per week,5739
2026,More than 40 hours per week,2886
2022,2-4 hours per week,4021
2017,2-4 hours per week,2754
2020,20-40 hours per week,5869
2026,20-40 hours per week,5433
2022,More than 40 hours per week,3945
2021,More than 40 hours per week,3777
2025,More than 40 hours per week,5266
2018,1-2 hours per week,3097
2020,Less than 1 hour per week,740
2021,Less than 1 hour per week,1156
2020,1-2 hours per week,2622
2023,More than 40 hours per week,3877
2017,8-20 hours per week,4879
2017,4-8 hours per week,3922
2018,20-40 hours per week,5519
2017,20-40 hours per week,2688
2018,Less than 1 hour per week,1161
2017,Less than 1 hour per week,700
2024,More than 40 hours per week,2872
2025,1-2 hours per week,1337
2025,2-4 hours per week,4630
2017,1-2 hours per week,1783
2026,2-4 hours per week,2216
2017,More than 40 hours per week,1279
2021,1-2 hours per week,3472
2023,Less than 1 hour per week,354
2022,1-2 hours per week,1613
2019,1-2 hours per week,2260
2026,Less than 1 hour per week,61
2022,Less than 1 hour per week,270
