y,country,n,w
2026,IN,258,233
2026,FR,17,10
2015,IN,3360,1792
2017,IN,3173,1905
2017,DM,3,2
2016,LC,1,1
2015,JM,8,5
2016,IE,26,22
2015,AE,33,25
2016,OM,5,4
2016,VE,72,57
2016,PE,13,8
2016,LK,6,5
2016,KN,3,2
2015,DK,4,4
2016,JO,4,3
2017,IQ,3,3
2017,FR,44,36
2017,AE,26,18
2017,HK,8,3
2015,FR,14,13
2016,LT,16,11
2016,TW,5,5
2016,DE,74,53
2015,PR,12,8
2017,BH,3,1
2017,MX,43,33
2016,AL,5,5
2016,MT,2,2
2017,CD,1,1
2016,IT,76,62
2015,GD,1,1
2017,JM,13,8
2017,PR,6,5
2016,IS,1,1
2016,MU,5,5
2016,KZ,1,1
2015,GT,3,3
2016,MD,8,5
2016,PK,16,15
2017,NG,30,20
2016,GH,5,4
2016,AU,35,31
2016,RU,36,21
2016,AT,10,10
2016,AZ,1,1
2017,BN,4,2
2016,BR,44,35
2016,MA,7,5
2015,MX,18,14
2017,DK,6,5
2016,CM,3,2
2016,GY,3,2
2017,GT,5,3
2016,IL,8,7
2016,ZW,2,2
2017,MY,7,6
2015,MY,3,3
2015,NG,3,3
2016,CH,6,4
2015,BH,1,1
2016,BY,1,1
2016,UY,3,3
2016,KH,2,1
2017,LV,6,5
2016,HR,10,9
2015,DM,4,2
2016,AG,1,1
2025,US,33573,15981
2023,GB,154,106
2020,US,17266,12689
2018,US,18341,11997
2021,ES,174,80
2021,NL,330,279
2025,CA,162,121
2022,NL,226,198
2024,JP,6,6
2021,GB,678,487
2018,CA,427,329
2020,MK,7,4
2020,ID,11,7
2021,BD,132,126
2020,CA,513,355
2018,MK,13,7
2024,GB,291,217
2022,GB,311,275
2018,ID,15,11
2018,CY,8,4
2022,HN,9,9
2023,BD,177,171
2025,PL,27,22
2024,NL,18,15
2018,SA,8,7
2020,UG,4,4
2018,VN,16,6
2024,BD,78,59
2020,GR,12,7
2024,PS,15,12
2019,GD,1,1
2019,IN,4890,2560
2018,TR,23,14
2018,KW,5,5
2020,TR,5,2
2018,GR,14,9
2021,NZ,7,3
2021,PH,21,11
2018,TH,39,30
2022,LB,4,4
2020,CZ,7,6
2018,CZ,3,2
2021,KR,5,4
2019,FR,64,45
2020,ZA,2,1
2020,PT,15,14
2018,PT,12,9
2018,RO,20,11
2020,QA,4,4
2018,QA,4,4
2019,AE,13,10
2021,KE,41,24
2018,BE,13,10
2020,EC,3,3
2023,AR,1,1
2021,AR,9,2
2022,AR,3,1
2021,BG,15,8
2018,FI,8,4
2019,HK,7,5
2020,SA,3,3
2018,NP,7,4
2021,JP,14,8
2019,JM,6,5
2020,PL,12,11
2019,MY,6,6
2018,UA,11,10
2019,NG,19,13
2020,CY,2,2
2018,CO,17,15
2020,BA,2,2
2022,KE,5,5
2024,KE,9,6
2020,BS,3,2
2020,TT,2,1
2023,SI,14,14
2021,SV,3,2
2019,MX,29,23
2020,DO,7,2
2018,DO,6,5
2018,SG,9,7
2025,SG,1,1
2024,BG,2,2
2023,BG,9,1
2018,EE,4,4
2022,GE,2,2
2021,GE,5,1
2025,TM,1,1
2022,ES,28,14
2018,TT,9,4
2018,TM,2,2
2021,CL,3,3
2025,RO,6,5
2022,BO,1,1
2022,SK,1,1
2022,BD,20,20
2021,PA,1,1
2023,NL,47,43
2018,EC,11,6
2022,EG,4,4
2026,LV,2,2
2020,TM,1,1
2022,BG,11,3
2020,CO,5,4
2020,RO,14,9
2021,HU,2,1
2018,SE,7,3
2020,BE,7,3
2025,VN,1,1
2021,SI,4,1
2025,UA,8,8
2020,UA,18,14
2023,ES,11,3
2024,ES,3,2
2023,KE,9,6
2021,NA,2,1
2017,ME,1,1
2020,SG,3,3
2021,CN,6,4
2022,JP,1,1
2025,ZA,9,9
2023,JP,1,1
2023,CN,3,3
2022,RS,2,2
2019,PR,10,3
2019,GT,3,2
2020,VN,7,5
2018,NI,2,2
2022,SI,2,2
2024,CR,1,1
2021,BO,4,3
2018,PL,10,6
2022,CN,1,1
2022,PH,3,3
2020,SE,1,1
2022,DZ,1,1
2020,FI,3,3
2019,BH,1,1
2020,NO,1,1
2019,DM,3,1
2018,GU,4,2
2024,CN,2,2
2025,SE,1,1
2021,ZZ,3,2
2019,IQ,1,1
2021,EG,1,1
2021,VC,2,1
2024,PA,1,1
2022,NZ,2,2
2021,RS,3,3
2024,SO,1,1
2021,AF,1,1
2020,KW,3,1
2018,BA,3,1
2022,PA,1,1
2020,TH,1,1
2020,NP,5,3
2018,ZA,1,1
2024,RS,1,1
2025,CO,1,1
2022,SV,1,1
2021,TN,1,1
2021,HN,1,1
2026,BR,13,6
2026,IT,14,2
2026,CH,2,2
2026,DE,11,8
2016,US,15149,10285
2016,BA,4,3
2016,TT,15,11
2016,LI,1,1
2015,CH,6,6
2016,GR,36,28
2016,MK,17,13
2017,PE,8,5
2015,PE,5,5
2016,SE,13,10
2016,DO,5,5
2015,TW,10,8
2016,TH,27,17
2016,TR,31,23
2016,NP,5,5
2016,EC,11,6
2017,DE,46,37
2017,VE,65,42
2015,LC,1,1
2016,RO,27,23
2017,TW,4,3
2016,CO,20,17
2017,LT,12,6
2015,DE,42,29
2016,CA,332,274
2016,VI,3,2
2015,BY,2,1
2015,OM,3,1
2017,CH,5,4
2016,BB,3,2
2017,MT,1,1
2016,BE,22,17
2015,LT,4,3
2017,DJ,1,1
2015,MT,2,2
2017,AI,1,1
2016,VN,12,10
2016,SG,33,29
2016,EE,6,6
2015,MV,1,1
2016,SA,18,11
2017,GH,2,2
2015,GH,5,2
2015,IT,13,8
2015,AU,18,13
2017,AU,24,21
2016,PT,36,33
2015,AZ,1,1
2016,ID,27,22
2017,IT,38,28
2015,KN,1,1
2015,BR,19,10
2016,PL,17,13
2017,IE,12,11
2017,BR,30,24
2016,CZ,6,6
2015,VE,4,4
2016,ZA,18,18
2017,MA,2,2
2016,UA,12,9
2017,MD,4,3
2015,MD,1,1
2017,LK,7,4
2015,LK,5,3
2016,QA,10,6
2017,CM,1,1
2015,IE,6,5
2016,FI,18,16
2017,GY,1,1
2017,AT,5,5
2015,PK,9,9
2017,PK,10,7
2015,RU,10,4
2017,RU,19,8
2016,UG,3,3
2016,KW,2,2
2016,CY,4,4
2015,MA,1,1
2015,UY,1,1
2016,BS,2,2
2016,NO,3,3
2016,SR,1,1
2017,KH,5,5
2015,KH,2,1
2015,MU,1,1
2015,IL,6,5
2015,IS,1,1
2017,IL,4,4
2015,AL,2,1
2017,AL,1,1
2015,AT,2,2
2016,BU,1,1
2015,HR,9,5
2018,ZZ,48,44
2023,LV,71,48
2020,GB,431,386
2025,GB,679,437
2019,DE,115,89
2020,DZ,5,5
2021,IN,6143,1768
2020,ES,171,127
2018,GB,278,228
2023,IN,1217,554
2018,EG,10,8
2022,IN,2037,740
2019,IT,171,130
2017,LC,1,1
2022,SC,29,29
2024,NG,72,72
2024,IN,854,501
2019,IE,22,19
2020,HN,9,9
2021,FR,99,51
2022,LV,7,7
2021,AE,14,7
2019,GH,1,1
2019,AU,37,36
2018,ES,51,42
2020,NL,72,56
2019,BR,249,196
2018,NL,22,19
2020,PH,37,24
2018,PH,77,47
2018,LB,13,7
2020,LB,1,1
2018,RS,3,3
2025,RS,2,2
2018,HU,3,3
2018,AR,11,5
2020,AR,14,8
2025,JP,28,23
2020,NZ,4,4
2018,BD,11,7
2020,SI,3,3
2022,NG,59,46
2020,JP,17,14
2019,ZW,3,2
2025,NL,25,25
2021,HK,1,1
2023,FR,42,39
2022,FR,18,14
2024,FR,19,13
2019,PK,16,11
2021,JM,6,4
2021,NG,31,21
2018,SI,3,3
2021,DK,2,2
2025,ES,3,2
2019,VE,30,16
2018,JP,24,21
2019,BY,1,1
2019,RU,17,9
2018,KE,34,21
2020,KE,11,9
2023,NG,29,28
2018,KR,13,12
2018,SV,4,3
2020,SV,1,1
2020,CL,3,2
2025,BG,1,1
2018,BG,13,4
2020,BG,8,4
2021,MX,37,17
2018,NZ,12,3
2020,ZZ,58,58
2023,HK,5,5
2023,MX,2,2
2021,ST,7,6
2025,PA,1,1
2018,HN,7,7
2022,GL,5,5
2026,IL,4,4
2023,VG,13,11
2018,BZ,3,3
2019,MT,1,1
2020,EG,7,3
2020,RS,4,4
2019,MA,4,4
2019,LK,1,1
2018,DZ,3,2
2018,PA,2,1
2020,BD,11,8
2018,AF,2,2
2025,BD,25,22
2019,PE,2,2
2019,OM,1,1
2022,MX,7,7
2018,CR,4,3
2025,KR,4,4
2020,HU,3,2
2019,IL,5,4
2018,TN,3,2
2020,TN,4,3
2019,LT,2,2
2019,HR,2,2
2024,LV,6,5
2024,VG,29,11
2022,AE,3,3
2024,MX,10,10
2020,BZ,3,1
2025,EG,1,1
2022,IQ,5,5
2020,ET,1,1
2020,BO,2,2
2019,GY,1,1
2020,LU,1,1
2026,RU,2,2
2019,KH,2,1
2020,SK,2,2
2021,BH,7,1
2018,CL,5,3
2019,AM,1,1
2023,DK,1,1
2025,CN,1,1
2018,SK,1,1
2020,KR,1,1
2025,PH,1,1
2019,TW,2,2
2018,VC,1,1
2021,MY,2,2
2020,HT,1,1
2020,NA,1,1
2021,SC,2,2
2018,ET,1,1
2018,RW,1,1
2025,KE,1,1
2020,GE,1,1
2018,GE,1,1
2019,CH,1,1
2017,MV,1,1
2017,ZW,1,1
2022,PR,1,1
2026,US,24889,14383
2026,CA,60,58
2016,ZZ,48,42
2015,US,17418,12399
2015,MK,22,15
2017,US,12756,8704
2016,GB,229,200
2016,ES,42,38
2017,MK,22,8
2016,RS,13,9
2016,AR,11,10
2017,KW,3,3
2017,PT,26,19
2017,TT,7,4
2015,TR,13,10
2016,NL,17,17
2015,VN,5,5
2016,PH,74,51
2017,EE,1,1
2015,RO,28,19
2017,GR,24,9
2015,GR,10,6
2016,NZ,16,12
2015,TH,15,12
2016,EG,8,7
2017,CA,234,174
2017,CZ,3,2
2015,CA,75,47
2015,PT,6,5
2016,BD,16,9
2017,UA,13,7
2015,QA,9,5
2015,SE,5,3
2015,BE,7,6
2017,FI,8,8
2017,RO,22,16
2016,JP,16,9
2017,TR,19,13
2015,ID,8,6
2017,SA,10,7
2015,SA,14,10
2015,NP,6,5
2015,PL,11,6
2016,SI,8,7
2016,SK,4,4
2015,NO,1,1
2015,KW,5,4
2016,LU,5,3
2015,NI,1,1
2017,TH,13,11
2016,KE,20,16
2017,SE,9,7
2016,PA,6,3
2016,BG,16,14
2017,EC,7,5
2015,ZA,7,7
2016,CR,11,7
2016,SV,3,3
2016,CL,13,6
2015,DO,5,5
2017,DO,9,6
2016,KR,10,8
2015,SG,13,7
2017,SG,11,11
2017,NO,4,4
2016,HU,11,10
2017,ID,23,12
2016,GE,2,2
2017,BE,12,9
2018,IN,4681,2173
2018,GT,3,3
2021,IT,801,453
2022,IL,25,22
2021,BR,1424,573
2024,LT,7,7
2019,CZ,12,11
2019,US,12644,8850
2025,IN,229,145
2021,VE,104,64
2025,VG,106,76
2021,MP,1,1
2020,IN,3924,1703
2021,RU,14,12
2023,LT,8,8
2019,ZA,9,9
2024,IT,43,15
2018,NG,11,8
2019,PT,11,8
2023,BR,207,71
2019,CO,14,12
2024,BR,118,47
2023,IT,54,15
2022,BR,742,412
2019,CA,371,292
2022,IT,151,74
2021,DE,146,86
2018,AE,24,15
2021,IE,41,13
2020,FR,93,68
2019,MK,7,4
2020,NG,13,11
2021,PE,9,3
2018,DK,7,6
2021,MA,10,10
2018,MX,53,27
2024,DE,105,87
2018,FR,63,46
2021,AU,14,12
2018,LV,1,1
2019,DO,2,2
2020,AE,42,41
2019,SE,6,6
2022,AU,5,5
2020,MX,23,15
2019,PL,12,7
2022,DE,52,52
2020,HK,4,4
2023,DE,88,81
2021,LT,3,3
2019,TR,23,14
2023,VE,2,2
2024,VE,3,2
2021,LK,5,5
2019,SA,3,1
2019,TT,7,3
2019,FI,8,6
2022,PK,5,4
2019,UA,32,26
2021,PK,29,20
2021,MU,2,2
2022,VE,41,35
2023,PK,4,4
2025,HK,16,16
2021,IS,2,1
2018,PR,15,6
2023,MD,1,1
2019,TH,4,3
2026,RO,6,6
2019,VN,10,6
2019,ID,18,14
2018,MY,7,3
2023,RU,29,19
2019,KW,2,1
2018,UZ,1,1
2017,VN,5,3
2022,IE,2,2
2019,UG,4,4
2020,JM,2,2
2018,JM,15,12
2019,SG,4,3
2021,TW,4,4
2021,KZ,1,1
2022,RU,17,9
2020,GT,1,1
2019,EC,8,5
2021,MT,1,1
2025,FR,9,9
2015,EC,6,3
2017,CO,15,11
2016,IM,1,1
2016,DZ,3,3
2015,TT,2,2
2016,PY,1,1
2017,ZA,5,5
2015,FI,3,2
2017,NP,4,2
2017,PL,9,8
2016,ZM,2,1
2015,EE,1,1
2016,TN,1,1
2019,GR,4,3
2019,RO,10,4
2019,QA,3,2
2021,ZW,3,1
2019,CY,5,1
2026,SG,1,1
2021,JO,6,3
2017,JE,1,1
2019,BE,7,2
2024,RU,2,2
2019,NP,4,4
2020,BH,3,2
2018,BH,8,2
2020,MY,2,2
2024,IR,4,4
2026,BE,2,2
2021,MD,1,1
2020,LV,3,3
2020,SC,1,1
2024,TW,1,1
2024,PK,6,4
2021,IL,2,2
2026,NO,1,1
2016,BZ,4,2
2016,TZ,1,1
2015,BB,1,1
2017,QA,2,2
2016,AF,1,1
2015,UG,1,1
2016,BO,2,2
2017,BA,2,2
2021,GY,1,1
2018,HK,12,4
2021,AZ,2,2
2018,IQ,2,2
2021,OM,1,1
2022,MD,1,1
2015,CO,1,1
2015,VI,1,1
2015,CY,1,1
2017,CY,1,1
2015,UA,3,2
2015,CZ,2,2
2016,HN,1,1
2025,SC,1,1
2018,DM,1,1
2017,SR,1,1
2021,CH,1,1
2018,CW,2,1
2020,PR,1,1
2019,NO,2,1
2020,IQ,1,1
2021,LC,1,1
2020,LA,1,1
2021,AT,2,1
2026,GB,246,204
2026,NL,7,7
2026,BD,23,23
2026,PS,1,1
2026,JP,1,1
2017,ZZ,19,17
2015,ZZ,48,44
2015,NL,10,10
2016,MX,44,33
2016,IN,3000,1689
2017,PH,63,53
2015,GB,42,31
2016,PR,17,9
2017,SI,5,3
2017,BG,9,5
2016,FR,95,80
2016,GT,4,4
2017,GB,107,94
2016,JM,11,8
2017,PY,1,1
2015,BZ,11,4
2017,EG,11,7
2015,RS,13,9
2016,BH,4,2
2016,LV,8,8
2017,GE,4,3
2015,CR,11,8
2017,DZ,13,7
2017,ES,32,24
2017,HU,2,2
2015,PH,57,32
2017,CR,6,3
2017,NL,20,16
2015,PS,1,1
2015,TN,2,2
2016,AE,27,25
2016,IQ,1,1
2016,GD,1,1
2017,RS,12,9
2015,EG,9,6
2017,HN,1,1
2015,BM,1,1
2015,SI,1,1
2016,NG,14,11
2015,ET,1,1
2016,DK,8,6
2015,KR,10,9
2015,NZ,18,7
2017,NZ,17,11
2016,BN,9,4
2015,ES,11,8
2015,LB,1,1
2015,HU,4,3
2015,AR,7,4
2017,AR,9,6
2017,KR,6,6
2015,BD,13,6
2017,BD,13,11
2015,JP,27,19
2016,MY,10,10
2017,JP,15,12
2017,ZM,3,2
2015,ZM,1,1
2015,KE,14,10
2017,KE,19,13
2017,PA,5,2
2017,HT,1,1
2016,DM,4,3
2015,HN,3,2
2017,SV,1,1
2017,CL,9,5
2015,CL,1,1
2015,CN,1,1
2016,FJ,1,1
2015,GE,1,1
2017,SK,4,4
2015,BG,1,1
2016,HK,6,4
2024,US,33549,13859
2023,US,32478,14840
2022,US,27844,18818
2021,US,25592,16068
2025,BR,77,48
2021,MK,14,7
2024,RO,6,6
2019,ES,67,60
2020,IT,405,272
2025,DE,336,235
2018,KH,3,2
2018,VE,103,73
2018,JO,2,2
2023,CA,282,211
2024,CA,204,163
2025,RU,2,2
2021,CA,601,327
2021,TR,30,11
2024,CZ,1,1
2020,BR,920,654
2018,TW,7,6
2025,LT,4,4
2022,CA,127,87
2022,BE,15,11
2022,ID,58,57
2020,LC,1,1
2019,GB,344,311
2018,DE,143,115
2018,LC,2,2
2017,BO,3,2
2020,DE,116,77
2020,AU,40,35
2018,AU,45,39
2018,IT,154,125
2021,PT,20,13
2019,NL,45,38
2021,GR,17,7
2019,BD,17,6
2019,PH,50,26
2019,RS,2,2
2022,ZA,24,22
2021,CZ,4,1
2025,IT,24,5
2020,LK,3,2
2018,LK,4,4
2018,IE,21,19
2018,BR,56,42
2021,PL,12,7
2021,ID,17,10
2021,TT,9,4
2022,QA,2,1
2021,QA,5,5
2020,CM,1,1
2020,IE,18,13
2019,AR,9,4
2020,IL,2,2
2021,FI,12,7
2022,FI,10,10
2019,JP,19,19
2018,IL,3,3
2020,PK,65,60
2018,PK,14,10
2021,NP,2,1
2024,UA,9,8
2023,BE,4,1
2024,BE,4,1
2021,KW,6,3
2018,PE,7,2
2021,TH,7,7
2020,PE,2,2
2020,VE,31,12
2020,BY,3,3
2019,HU,1,1
2018,UY,1,1
2019,KE,31,21
2018,RU,14,9
2021,NO,3,2
2017,SX,1,1
2023,ZA,272,198
2024,ZA,1,1
2020,XK,1,1
2022,RO,9,4
2021,SG,5,5
2021,SE,16,15
2019,BZ,8,1
2021,EE,3,3
2023,GR,5,3
2018,AL,2,2
2019,BG,7,3
2018,AT,5,5
2020,AT,4,4
2020,LT,3,2
2019,NZ,7,2
2017,NA,1,1
2019,ZZ,67,66
2022,TR,14,11
2025,CH,57,57
2022,SA,7,7
2019,AF,2,2
2022,SE,3,3
2022,TH,61,61
2024,VN,4,4
2023,TR,2,2
2020,TW,15,14
2017,VC,1,1
2021,TL,4,4
2017,BZ,3,2
2024,SG,1,1
2020,OM,1,1
2018,GH,8,4
2020,GH,1,1
2023,VN,1,1
2019,LB,4,2
2021,RO,23,12
2025,VE,2,1
2018,MA,8,7
2020,MA,5,4
2019,PA,3,1
2018,DJ,1,1
2022,PL,4,2
2024,FI,4,4
2021,VN,2,2
2019,SI,3,2
2020,RU,11,8
2021,MW,1,1
2022,PT,5,3
2021,EC,5,2
2019,CL,2,2
2019,KR,3,3
2019,TN,1,1
2021,ZA,3,2
2021,BE,10,3
2018,HR,5,2
2021,DO,7,5
2021,CO,15,10
2022,VN,16,16
2024,TR,1,1
2024,PL,1,1
2018,LT,6,1
2023,ID,8,8
2018,KG,1,1
2022,GR,5,2
2020,ZW,5,2
2018,ZW,2,2
2023,FI,7,6
2023,BA,5,5
2021,BS,3,1
2021,UA,21,8
2023,DO,1,1
2017,TN,1,1
2017,AF,1,1
2022,NO,2,2
2019,HN,5,5
2019,EG,4,1
2022,CO,2,2
2018,NE,1,1
2022,UA,2,1
2022,CZ,1,1
2023,PT,3,2
2022,EC,1,1
2020,IS,1,1
2019,SV,3,2
2018,MN,3,3
2022,TM,1,1
2021,VI,1,1
2018,MD,1,1
2020,MD,1,1
2018,TJ,2,1
2024,CO,1,1
2022,BA,1,1
2025,AU,1,1
2018,CM,2,2
2021,UG,1,1
2022,DO,2,2
2025,IR,3,3
2022,SJ,2,2
2019,SK,1,1
2022,BS,1,1
2024,GR,1,1
2019,GE,1,1
2023,UA,1,1
