d,n,new_w
2015-03-26,50,50
2015-03-27,95,95
2015-03-28,96,96
2015-03-29,94,94
2015-03-30,93,93
2015-03-31,96,96
2015-04-01,93,93
2015-04-02,97,97
2015-04-03,92,92
2015-04-04,97,97
2015-04-05,97,97
2015-04-06,93,93
2015-04-07,94,94
2015-04-08,68,68
2015-04-09,92,92
2015-04-10,97,97
2015-04-11,94,94
2015-04-12,95,95
2015-04-13,94,94
2015-04-14,96,96
2015-04-15,95,95
2015-04-16,92,92
2015-04-17,96,96
2015-04-18,94,94
2015-04-19,97,97
2015-04-20,95,95
2015-04-21,93,93
2015-04-22,96,96
2015-04-23,95,95
2015-04-24,92,92
2015-04-25,93,93
2015-04-26,99,98
2015-04-27,96,89
2015-04-28,94,84
2015-04-29,99,87
2015-04-30,92,84
2015-05-01,100,80
2015-05-02,95,77
2015-05-03,96,80
2015-05-04,93,69
2015-05-05,97,75
2015-05-06,95,74
2015-05-07,96,78
2015-05-08,97,76
2015-05-09,91,77
2015-05-10,98,75
2015-05-11,96,70
2015-05-12,98,85
2015-05-13,96,83
2015-05-14,94,73
2015-05-15,98,74
2015-05-16,91,72
2015-05-17,99,77
2015-05-18,94,70
2015-05-19,97,72
2015-05-20,98,73
2015-05-21,96,79
2015-05-22,94,75
2015-05-23,96,77
2015-05-24,97,77
2015-05-25,94,72
2015-05-26,97,79
2015-05-27,95,78
2015-05-28,97,69
2015-05-29,97,66
2015-05-30,96,74
2015-05-31,97,80
2015-06-01,95,60
2015-06-02,51,33
2015-06-03,95,65
2015-06-04,96,61
2015-06-05,92,60
2015-06-06,102,69
2015-06-07,93,69
2015-06-08,98,66
2015-06-09,96,67
2015-06-10,94,62
2015-06-11,96,61
2015-06-12,96,72
2015-06-13,96,74
2015-06-14,97,80
2015-06-15,95,71
2015-06-16,97,64
2015-06-17,96,52
2015-06-18,92,61
2015-06-19,95,66
2015-06-20,97,73
2015-06-21,98,71
2015-06-22,97,80
2015-06-23,93,71
2015-06-24,97,67
2015-06-25,98,75
2015-06-26,96,64
2015-06-27,94,67
2015-06-28,98,77
2015-06-29,94,72
2015-06-30,95,58
2015-07-01,94,50
2015-07-02,96,63
2015-07-03,97,63
2015-07-04,98,64
2015-07-05,96,75
2015-07-06,93,56
2015-07-07,97,64
2015-07-08,13,8
2015-07-09,7,5
2015-07-10,94,51
2015-07-11,98,51
2015-07-12,75,51
2015-07-13,97,60
2015-07-14,95,51
2015-07-15,95,66
2015-07-16,95,56
2015-07-17,94,61
2015-07-18,96,65
2015-07-19,97,67
2015-07-20,93,55
2015-07-21,96,58
2015-07-22,93,59
2015-07-23,100,59
2015-07-24,93,53
2015-07-25,97,62
2015-07-26,97,64
2015-07-27,94,63
2015-07-28,92,51
2015-07-29,100,61
2015-07-30,94,62
2015-07-31,93,68
2015-08-01,100,49
2015-08-02,94,59
2015-08-03,98,60
2015-08-04,94,51
2015-08-05,96,54
2015-08-06,95,64
2015-08-07,94,50
2015-08-08,99,64
2015-08-09,96,57
2015-08-10,95,52
2015-08-11,96,53
2015-08-12,94,63
2015-08-13,97,54
2015-08-14,98,60
2015-08-15,93,58
2015-08-16,99,64
2015-08-17,89,53
2015-08-18,92,54
2015-08-19,97,56
2015-08-20,95,51
2015-08-21,95,56
2015-08-22,94,60
2015-08-23,97,71
2015-08-24,99,63
2015-08-25,96,46
2015-08-26,91,57
2015-08-27,101,54
2015-08-28,93,56
2015-08-29,100,70
2015-08-30,96,56
2015-08-31,95,56
2015-09-01,88,55
2015-09-02,87,42
2015-09-03,95,51
2015-09-04,89,48
2015-09-05,93,47
2015-09-06,97,55
2015-09-07,87,45
2015-09-08,97,48
2015-09-09,47,31
2015-09-10,63,38
2015-09-11,43,25
2015-09-12,50,25
2015-09-13,28,17
2015-09-14,18,7
2015-09-15,24,10
2015-09-16,39,21
2015-09-17,49,30
2015-09-18,33,17
2015-09-19,28,18
2015-09-20,41,24
2015-09-21,92,52
2015-09-22,39,26
2015-09-23,96,49
2015-09-24,94,44
2015-09-25,92,58
2015-09-26,97,52
2015-09-27,55,27
2015-09-28,26,14
2015-09-29,98,59
2015-09-30,91,45
2015-10-01,99,38
2015-10-02,37,19
2015-10-03,100,43
2015-10-04,42,23
2015-10-05,47,21
2015-10-06,96,44
2015-10-07,94,53
2015-10-08,34,16
2015-10-09,56,25
2015-10-10,44,24
2015-10-11,97,54
2015-10-12,60,33
2015-10-13,21,9
2015-10-14,48,26
2015-10-15,98,63
2015-10-16,37,20
2015-10-17,53,30
2015-10-18,49,22
2015-10-19,28,12
2015-10-20,26,12
2015-10-21,36,15
2015-10-22,48,31
2015-10-23,66,36
2015-10-24,98,57
2015-10-25,59,32
2015-10-26,97,55
2015-10-27,31,17
2015-10-28,38,21
2015-10-29,54,27
2015-10-30,44,25
2015-10-31,58,33
2015-11-01,30,13
2015-11-02,67,37
2015-11-03,43,21
2015-11-04,39,21
2015-11-05,30,16
2015-11-06,37,17
2015-11-07,94,53
2015-11-08,32,18
2015-11-09,48,22
2015-11-10,24,10
2015-11-11,28,17
2015-11-12,56,31
2015-11-13,18,7
2015-11-14,31,15
2015-11-15,51,24
2015-11-16,95,41
2015-11-17,97,49
2015-11-18,24,12
2015-11-19,36,22
2015-11-20,99,53
2015-11-21,28,11
2015-11-22,36,16
2015-11-23,24,13
2015-11-24,24,11
2015-11-25,85,46
2015-11-26,25,14
2015-11-27,46,21
2015-11-28,39,25
2015-11-29,50,26
2015-11-30,22,10
2015-12-01,23,9
2015-12-02,26,9
2015-12-03,22,14
2015-12-04,47,20
2015-12-05,95,62
2015-12-06,39,21
2015-12-07,53,23
2015-12-08,45,25
2015-12-09,47,28
2015-12-10,90,46
2015-12-11,65,29
2015-12-12,96,54
2015-12-13,19,14
2015-12-14,28,19
2015-12-15,27,17
2015-12-16,38,24
2015-12-17,40,18
2015-12-18,22,12
2015-12-19,97,53
2015-12-20,23,16
2015-12-21,36,21
2015-12-22,66,36
2015-12-23,47,25
2015-12-24,39,19
2015-12-25,47,29
2015-12-26,97,65
2015-12-27,15,8
2015-12-28,95,49
2015-12-29,97,57
2015-12-30,96,39
2015-12-31,95,53
2016-01-01,96,50
2016-01-02,96,53
2016-01-03,92,54
2016-01-04,30,13
2016-01-05,98,45
2016-01-06,95,47
2016-01-07,96,50
2016-01-08,35,14
2016-01-09,21,8
2016-01-10,96,54
2016-01-11,95,49
2016-01-12,67,38
2016-01-13,96,43
2016-01-14,34,15
2016-01-15,42,23
2016-01-16,46,23
2016-01-17,96,59
2016-01-18,47,21
2016-01-19,35,20
2016-01-20,36,19
2016-01-21,97,49
2016-01-22,39,27
2016-01-23,98,56
2016-01-24,31,19
2016-01-25,95,36
2016-01-26,95,47
2016-01-27,95,55
2016-01-28,21,15
2016-01-29,95,51
2016-01-30,18,8
2016-01-31,94,58
2016-02-01,55,30
2016-02-02,16,9
2016-02-03,98,41
2016-02-04,30,18
2016-02-05,33,15
2016-02-06,69,29
2016-02-07,32,9
2016-02-08,45,20
2016-02-09,20,11
2016-02-10,92,42
2016-02-11,97,50
2016-02-12,97,38
2016-02-13,38,22
2016-02-14,41,22
2016-02-15,38,16
2016-02-16,40,21
2016-02-17,98,54
2016-02-18,20,12
2016-02-19,34,17
2016-02-20,101,54
2016-02-21,57,26
2016-02-22,95,47
2016-02-23,48,23
2016-02-24,91,39
2016-02-25,95,55
2016-02-26,67,35
2016-02-27,70,36
2016-02-28,37,21
2016-02-29,37,14
2016-03-01,100,40
2016-03-02,89,36
2016-03-03,100,40
2016-03-04,41,21
2016-03-05,36,18
2016-03-06,57,26
2016-03-07,93,43
2016-03-08,53,27
2016-03-09,47,20
2016-03-10,97,42
2016-03-11,41,21
2016-03-12,97,51
2016-03-13,37,19
2016-03-14,55,24
2016-03-15,30,11
2016-03-16,33,21
2016-03-17,95,53
2016-03-18,46,23
2016-03-19,77,34
2016-03-20,47,17
2016-03-21,61,32
2016-03-22,50,23
2016-03-23,39,16
2016-03-24,69,30
2016-03-25,97,51
2016-03-26,96,51
2016-03-27,49,26
2016-03-28,42,16
2016-03-29,75,31
2016-03-30,35,23
2016-03-31,97,56
2016-04-01,52,23
2016-04-02,95,45
2016-04-03,98,49
2016-04-04,97,44
2016-04-05,29,11
2016-04-06,25,13
2016-04-07,119,41
2016-04-08,39,17
2016-04-09,47,25
2016-04-10,96,44
2016-04-11,52,23
2016-04-12,47,24
2016-04-13,40,16
2016-04-14,35,21
2016-04-15,38,22
2016-04-16,52,21
2016-04-17,95,50
2016-04-18,97,39
2016-04-19,38,12
2016-04-20,28,14
2016-04-21,36,10
2016-04-22,84,36
2016-04-23,71,41
2016-04-24,65,37
2016-04-25,96,45
2016-04-26,40,20
2016-04-27,43,19
2016-04-28,58,28
2016-04-29,99,53
2016-04-30,51,28
2016-05-01,94,50
2016-05-02,58,28
2016-05-03,34,19
2016-05-04,38,20
2016-05-05,97,52
2016-05-06,93,49
2016-05-07,45,30
2016-05-08,38,23
2016-05-09,60,29
2016-05-10,46,21
2016-05-11,96,48
2016-05-12,27,13
2016-05-13,92,57
2016-05-14,101,69
2016-05-15,56,32
2016-05-16,55,31
2016-05-17,13,6
2016-05-18,96,59
2016-05-19,58,38
2016-05-20,35,20
2016-05-21,39,19
2016-05-22,96,56
2016-05-23,93,58
2016-05-24,56,34
2016-05-25,94,51
2016-05-26,37,25
2016-05-27,29,18
2016-05-28,41,28
2016-05-29,63,48
2016-05-30,97,62
2016-05-31,57,35
2016-06-01,35,22
2016-06-02,50,23
2016-06-03,98,57
2016-06-04,18,13
2016-06-05,36,25
2016-06-06,44,30
2016-06-07,38,21
2016-06-08,94,56
2016-06-09,96,60
2016-06-10,37,29
2016-06-11,40,25
2016-06-12,38,27
2016-06-13,24,18
2016-06-14,32,22
2016-06-15,41,17
2016-06-16,31,18
2016-06-17,96,57
2016-06-18,21,11
2016-06-19,37,15
2016-06-20,61,30
2016-06-21,24,12
2016-06-22,49,27
2016-06-23,24,14
2016-06-24,29,16
2016-06-25,34,18
2016-06-26,96,50
2016-06-27,96,48
2016-06-28,34,16
2016-06-29,35,22
2016-06-30,31,22
2016-07-01,95,42
2016-07-02,15,11
2016-07-03,96,56
2016-07-04,96,54
2016-07-05,34,15
2016-07-06,90,52
2016-07-07,94,58
2016-07-08,30,22
2016-07-09,40,29
2016-07-10,56,34
2016-07-11,35,17
2016-07-12,43,27
2016-07-13,90,47
2016-07-14,45,22
2016-07-15,97,44
2016-07-16,91,42
2016-07-17,94,61
2016-07-18,90,44
2016-07-19,97,52
2016-07-20,94,58
2016-07-21,95,46
2016-07-22,96,54
2016-07-23,99,52
2016-07-24,54,31
2016-07-25,81,35
2016-07-26,98,49
2016-07-27,90,43
2016-07-28,41,21
2016-07-29,52,35
2016-07-30,82,41
2016-07-31,31,19
2016-08-01,46,19
2016-08-02,47,26
2016-08-03,96,49
2016-08-04,95,51
2016-08-05,63,37
2016-08-06,43,29
2016-08-07,36,20
2016-08-08,98,59
2016-08-09,96,49
2016-08-10,27,18
2016-08-11,28,14
2016-08-12,53,30
2016-08-13,96,65
2016-08-14,33,23
2016-08-15,74,36
2016-08-16,23,12
2016-08-17,29,12
2016-08-18,97,46
2016-08-19,25,14
2016-08-20,24,11
2016-08-21,27,17
2016-08-22,96,45
2016-08-23,96,39
2016-08-24,37,19
2016-08-25,96,53
2016-08-26,11,5
2016-08-27,47,20
2016-08-28,37,15
2016-08-29,97,42
2016-08-30,38,20
2016-08-31,44,27
2016-09-01,25,18
2016-09-02,41,25
2016-09-03,21,11
2016-09-04,97,47
2016-09-05,27,11
2016-09-06,94,42
2016-09-07,33,20
2016-09-08,25,17
2016-09-09,41,19
2016-09-10,27,16
2016-09-11,37,15
2016-09-12,13,8
2016-09-13,28,12
2016-09-14,40,26
2016-09-15,21,12
2016-09-16,97,51
2016-09-17,27,17
2016-09-18,21,11
2016-09-19,52,17
2016-09-20,27,10
2016-09-21,33,18
2016-09-22,9,3
2016-09-23,97,53
2016-09-24,23,10
2016-09-25,17,7
2016-09-26,11,3
2016-09-27,98,45
2016-09-28,27,15
2016-09-29,96,44
2016-09-30,39,21
2016-10-01,34,11
2016-10-02,61,27
2016-10-03,55,22
2016-10-04,62,30
2016-10-05,96,49
2016-10-06,38,17
2016-10-07,97,44
2016-10-08,22,10
2016-10-09,28,13
2016-10-10,46,18
2016-10-11,18,9
2016-10-12,58,25
2016-10-13,33,10
2016-10-14,96,45
2016-10-15,23,6
2016-10-16,18,8
2016-10-17,41,11
2016-10-18,27,9
2016-10-19,47,21
2016-10-20,96,39
2016-10-21,25,14
2016-10-22,43,14
2016-10-23,42,26
2016-10-24,29,13
2016-10-25,32,14
2016-10-26,43,17
2016-10-27,57,21
2016-10-28,40,16
2016-10-29,32,15
2016-10-30,29,13
2016-10-31,93,46
2016-11-01,15,3
2016-11-02,51,22
2016-11-03,96,34
2016-11-04,19,9
2016-11-05,37,17
2016-11-06,22,9
2016-11-07,27,6
2016-11-08,17,4
2016-11-09,25,14
2016-11-10,23,9
2016-11-11,36,11
2016-11-12,11,4
2016-11-13,35,11
2016-11-14,76,34
2016-11-15,21,9
2016-11-16,98,45
2016-11-17,69,31
2016-11-18,45,18
2016-11-19,99,39
2016-11-20,29,11
2016-11-21,20,6
2016-11-22,96,42
2016-11-23,14,4
2016-11-24,28,12
2016-11-25,70,29
2016-11-26,91,45
2016-11-27,23,10
2016-11-28,41,16
2016-11-29,20,4
2016-11-30,31,8
2016-12-01,96,35
2016-12-02,26,12
2016-12-03,97,40
2016-12-04,31,9
2016-12-05,32,14
2016-12-06,98,37
2016-12-07,25,4
2016-12-08,22,5
2016-12-09,11,5
2016-12-10,100,40
2016-12-11,39,24
2016-12-12,95,33
2016-12-13,47,19
2016-12-14,22,5
2016-12-15,94,36
2016-12-16,19,12
2016-12-17,18,9
2016-12-18,32,19
2016-12-19,17,9
2016-12-20,19,8
2016-12-21,18,8
2016-12-22,15,7
2016-12-23,34,20
2016-12-24,22,10
2016-12-25,40,21
2016-12-26,24,9
2016-12-27,97,35
2016-12-28,62,29
2016-12-29,25,10
2016-12-30,35,20
2016-12-31,34,20
2017-01-01,86,52
2017-01-02,98,42
2017-01-03,95,32
2017-01-04,70,27
2017-01-05,32,10
2017-01-06,31,13
2017-01-07,29,13
2017-01-08,41,20
2017-01-09,38,16
2017-01-10,97,40
2017-01-11,82,33
2017-01-12,37,17
2017-01-13,43,18
2017-01-14,33,12
2017-01-15,31,15
2017-01-16,51,25
2017-01-17,27,7
2017-01-18,41,16
2017-01-19,29,14
2017-01-20,43,20
2017-01-21,100,40
2017-01-22,37,18
2017-01-23,52,20
2017-01-24,93,33
2017-01-25,23,8
2017-01-26,33,13
2017-01-27,69,28
2017-01-28,31,21
2017-01-29,31,12
2017-01-30,95,33
2017-01-31,95,37
2017-02-01,51,27
2017-02-02,28,11
2017-02-03,37,16
2017-02-04,56,23
2017-02-05,98,42
2017-02-06,93,33
2017-02-07,85,25
2017-02-08,27,6
2017-02-09,55,19
2017-02-10,37,19
2017-02-11,23,9
2017-02-12,29,13
2017-02-13,96,40
2017-02-14,97,41
2017-02-15,22,6
2017-02-16,36,11
2017-02-17,20,7
2017-02-18,35,14
2017-02-19,98,44
2017-02-20,53,15
2017-02-21,34,15
2017-02-22,29,10
2017-02-23,44,18
2017-02-24,108,38
2017-02-25,28,11
2017-02-26,98,47
2017-02-27,43,17
2017-02-28,21,7
2017-03-01,95,29
2017-03-02,33,17
2017-03-03,28,10
2017-03-04,33,13
2017-03-05,33,14
2017-03-06,18,7
2017-03-07,37,8
2017-03-08,37,12
2017-03-09,31,14
2017-03-10,95,33
2017-03-11,33,12
2017-03-12,29,11
2017-03-13,24,11
2017-03-14,33,8
2017-03-15,23,7
2017-03-16,25,10
2017-03-17,31,9
2017-03-18,47,21
2017-03-19,96,48
2017-03-20,36,13
2017-03-21,92,30
2017-03-22,54,22
2017-03-23,32,9
2017-03-24,52,26
2017-03-25,87,36
2017-03-26,106,43
2017-03-27,41,19
2017-03-28,44,16
2017-03-29,97,35
2017-03-30,55,20
2017-03-31,37,20
2017-04-01,58,30
2017-04-02,92,48
2017-04-03,28,10
2017-04-04,56,16
2017-04-05,32,8
2017-04-06,92,37
2017-04-07,38,14
2017-04-08,36,19
2017-04-09,93,39
2017-04-10,100,33
2017-04-11,96,33
2017-04-12,22,7
2017-04-13,21,6
2017-04-14,43,21
2017-04-15,24,11
2017-04-16,64,19
2017-04-17,31,10
2017-04-18,34,9
2017-04-19,23,9
2017-04-20,43,20
2017-04-21,32,16
2017-04-22,32,13
2017-04-23,97,36
2017-04-24,92,36
2017-04-25,39,17
2017-04-26,98,40
2017-04-27,22,10
2017-04-28,24,9
2017-04-29,95,37
2017-04-30,97,44
2017-05-01,82,35
2017-05-02,97,38
2017-05-03,29,10
2017-05-04,24,7
2017-05-05,27,8
2017-05-06,30,12
2017-05-07,44,19
2017-05-08,13,3
2017-05-09,95,42
2017-05-10,32,6
2017-05-11,23,8
2017-05-12,29,11
2017-05-13,34,13
2017-05-14,40,14
2017-05-15,28,5
2017-05-16,30,13
2017-05-17,20,5
2017-05-18,96,47
2017-05-19,33,12
2017-05-20,32,19
2017-05-21,22,14
2017-05-22,31,14
2017-05-23,25,12
2017-05-24,98,41
2017-05-25,99,37
2017-05-26,28,18
2017-05-27,98,51
2017-05-28,28,18
2017-05-29,34,14
2017-05-30,16,9
2017-05-31,28,8
2017-06-01,19,7
2017-06-02,34,17
2017-06-03,23,8
2017-06-04,34,19
2017-06-05,97,33
2017-06-06,39,20
2017-06-07,93,42
2017-06-08,21,16
2017-06-09,94,58
2017-06-10,27,7
2017-06-11,96,63
2017-06-12,97,51
2017-06-13,19,11
2017-06-14,24,11
2017-06-15,27,6
2017-06-16,37,21
2017-06-17,98,52
2017-06-18,95,59
2017-06-19,42,25
2017-06-20,24,10
2017-06-21,21,14
2017-06-22,27,12
2017-06-23,95,57
2017-06-24,31,14
2017-06-25,95,57
2017-06-26,23,11
2017-06-27,20,9
2017-06-28,21,7
2017-06-29,98,40
2017-06-30,17,6
2017-07-01,36,13
2017-07-02,21,13
2017-07-03,25,10
2017-07-04,8,4
2017-07-05,27,9
2017-07-06,18,5
2017-07-07,24,13
2017-07-08,22,12
2017-07-09,32,13
2017-07-10,19,8
2017-07-11,99,38
2017-07-12,15,10
2017-07-13,99,37
2017-07-14,21,10
2017-07-15,29,17
2017-07-16,26,19
2017-07-17,36,7
2017-07-18,20,10
2017-07-19,19,9
2017-07-20,29,12
2017-07-21,49,23
2017-07-22,19,9
2017-07-23,11,7
2017-07-24,27,15
2017-07-25,37,15
2017-07-26,28,10
2017-07-27,18,4
2017-07-28,24,13
2017-07-29,97,45
2017-07-30,32,18
2017-07-31,98,51
2017-08-01,28,10
2017-08-02,98,43
2017-08-03,23,10
2017-08-04,38,18
2017-08-05,23,8
2017-08-06,26,17
2017-08-07,16,3
2017-08-08,23,10
2017-08-09,98,46
2017-08-10,22,14
2017-08-11,97,51
2017-08-12,96,46
2017-08-13,33,18
2017-08-14,97,47
2017-08-15,96,44
2017-08-16,97,45
2017-08-17,57,24
2017-08-18,61,25
2017-08-19,82,38
2017-08-20,99,52
2017-08-21,46,25
2017-08-22,14,6
2017-08-23,98,38
2017-08-24,26,18
2017-08-25,21,9
2017-08-26,27,15
2017-08-27,25,13
2017-08-28,22,11
2017-08-29,13,7
2017-08-30,28,16
2017-08-31,35,18
2017-09-01,97,40
2017-09-02,22,10
2017-09-03,22,9
2017-09-04,24,10
2017-09-05,32,16
2017-09-06,21,9
2017-09-07,25,14
2017-09-08,33,13
2017-09-09,26,12
2017-09-10,29,18
2017-09-11,20,8
2017-09-12,24,12
2017-09-13,16,7
2017-09-14,99,43
2017-09-15,49,21
2017-09-16,25,10
2017-09-17,21,10
2017-09-18,24,11
2017-09-19,94,35
2017-09-20,19,6
2017-09-21,23,13
2017-09-22,42,20
2017-09-23,40,22
2017-09-24,37,16
2017-09-25,46,24
2017-09-26,26,11
2017-09-27,96,39
2017-09-28,17,10
2017-09-29,27,9
2017-09-30,53,21
2017-10-01,96,40
2017-10-02,36,15
2017-10-03,17,10
2017-10-04,96,42
2017-10-05,98,40
2017-10-06,70,33
2017-10-07,15,6
2017-10-08,28,18
2017-10-09,16,7
2017-10-10,18,8
2017-10-11,96,40
2017-10-12,15,7
2017-10-13,26,14
2017-10-14,42,24
2017-10-15,26,16
2017-10-16,23,10
2017-10-17,33,14
2017-10-18,95,45
2017-10-19,14,8
2017-10-20,19,10
2017-10-21,16,7
2017-10-22,20,14
2017-10-23,47,21
2017-10-24,20,12
2017-10-25,13,10
2017-10-26,18,9
2017-10-27,28,19
2017-10-28,97,41
2017-10-29,96,48
2017-10-30,29,9
2017-10-31,96,40
2017-11-01,97,47
2017-11-02,96,43
2017-11-03,20,8
2017-11-04,52,19
2017-11-05,55,21
2017-11-06,50,25
2017-11-07,94,32
2017-11-08,29,16
2017-11-09,27,13
2017-11-10,13,6
2017-11-11,97,47
2017-11-12,95,50
2017-11-13,16,5
2017-11-14,17,4
2017-11-15,29,16
2017-11-16,26,13
2017-11-17,27,15
2017-11-18,27,16
2017-11-19,22,13
2017-11-20,22,6
2017-11-21,19,10
2017-11-22,24,12
2017-11-23,38,20
2017-11-24,99,47
2017-11-25,96,42
2017-11-26,48,21
2017-11-27,19,9
2017-11-28,12,7
2017-11-29,31,17
2017-11-30,71,32
2017-12-01,53,24
2017-12-02,30,12
2017-12-03,36,20
2017-12-04,94,45
2017-12-05,96,48
2017-12-06,42,23
2017-12-07,98,39
2017-12-08,29,13
2017-12-09,21,11
2017-12-10,22,10
2017-12-11,28,16
2017-12-12,25,12
2017-12-13,59,26
2017-12-14,84,37
2017-12-15,59,30
2017-12-16,83,27
2017-12-17,85,32
2017-12-18,83,34
2017-12-19,56,28
2017-12-20,34,11
2017-12-21,25,12
2017-12-22,52,26
2017-12-23,60,27
2017-12-24,38,23
2017-12-25,61,28
2017-12-26,34,12
2017-12-27,78,36
2017-12-28,46,19
2017-12-29,93,49
2017-12-30,98,60
2017-12-31,29,15
2018-01-01,30,16
2018-01-02,58,26
2018-01-03,25,10
2018-01-04,32,19
2018-01-05,35,18
2018-01-06,46,15
2018-01-07,39,26
2018-01-08,28,17
2018-01-09,50,25
2018-01-10,57,36
2018-01-11,13,8
2018-01-12,41,28
2018-01-13,97,56
2018-01-14,63,34
2018-01-15,23,9
2018-01-16,57,22
2018-01-17,96,45
2018-01-18,32,12
2018-01-19,27,12
2018-01-20,96,48
2018-01-21,47,22
2018-01-22,39,19
2018-01-23,36,17
2018-01-24,100,51
2018-01-25,34,18
2018-01-26,37,18
2018-01-27,47,25
2018-01-28,32,16
2018-01-29,33,13
2018-01-30,98,52
2018-01-31,97,45
2018-02-01,90,28
2018-02-02,32,14
2018-02-03,93,39
2018-02-04,55,28
2018-02-05,49,25
2018-02-06,42,19
2018-02-07,30,19
2018-02-08,44,24
2018-02-09,21,11
2018-02-10,26,11
2018-02-11,44,15
2018-02-12,38,21
2018-02-13,22,12
2018-02-14,46,18
2018-02-15,92,41
2018-02-16,75,26
2018-02-17,82,42
2018-02-18,61,23
2018-02-19,63,27
2018-02-20,97,36
2018-02-21,64,21
2018-02-22,77,35
2018-02-23,48,19
2018-02-24,68,39
2018-02-25,95,46
2018-02-26,97,50
2018-02-27,67,25
2018-02-28,97,49
2018-03-01,79,35
2018-03-02,98,42
2018-03-03,77,30
2018-03-04,77,30
2018-03-05,78,26
2018-03-06,57,20
2018-03-07,57,21
2018-03-08,61,25
2018-03-09,97,38
2018-03-10,70,36
2018-03-11,77,34
2018-03-12,76,23
2018-03-13,76,30
2018-03-14,97,43
2018-03-15,52,16
2018-03-16,69,29
2018-03-17,83,38
2018-03-18,81,40
2018-03-19,77,38
2018-03-20,62,33
2018-03-21,81,39
2018-03-22,96,45
2018-03-23,59,22
2018-03-24,49,20
2018-03-25,66,35
2018-03-26,52,29
2018-03-27,55,26
2018-03-28,79,29
2018-03-29,92,53
2018-03-30,77,41
2018-03-31,84,52
2018-04-01,95,52
2018-04-02,60,28
2018-04-03,66,35
2018-04-04,46,22
2018-04-05,60,26
2018-04-06,96,49
2018-04-07,77,41
2018-04-08,82,42
2018-04-09,94,41
2018-04-10,80,35
2018-04-11,64,29
2018-04-12,68,29
2018-04-13,57,33
2018-04-14,68,29
2018-04-15,82,40
2018-04-16,72,32
2018-04-17,83,30
2018-04-18,48,22
2018-04-19,62,23
2018-04-20,75,33
2018-04-21,84,38
2018-04-22,79,41
2018-04-23,70,29
2018-04-24,95,43
2018-04-25,97,45
2018-04-26,71,35
2018-04-27,54,16
2018-04-28,75,29
2018-04-29,78,37
2018-04-30,58,20
2018-05-01,50,25
2018-05-02,69,28
2018-05-03,95,48
2018-05-04,98,48
2018-05-05,66,38
2018-05-06,80,46
2018-05-07,84,40
2018-05-08,66,22
2018-05-09,41,20
2018-05-10,67,32
2018-05-11,57,27
2018-05-12,77,31
2018-05-13,96,43
2018-05-14,71,32
2018-05-15,40,20
2018-05-16,96,37
2018-05-17,72,32
2018-05-18,57,18
2018-05-19,62,28
2018-05-20,80,40
2018-05-21,70,32
2018-05-22,46,25
2018-05-23,71,29
2018-05-24,96,44
2018-05-25,93,35
2018-05-26,83,42
2018-05-27,94,42
2018-05-28,79,35
2018-05-29,50,19
2018-05-30,40,16
2018-05-31,41,15
2018-06-01,48,17
2018-06-02,59,19
2018-06-03,78,39
2018-06-04,75,26
2018-06-05,65,28
2018-06-06,47,19
2018-06-07,61,26
2018-06-08,74,36
2018-06-09,80,37
2018-06-10,84,50
2018-06-11,51,28
2018-06-12,97,40
2018-06-13,81,30
2018-06-14,94,44
2018-06-15,33,11
2018-06-16,66,31
2018-06-17,70,40
2018-06-18,95,46
2018-06-19,97,40
2018-06-20,16,7
2018-06-21,31,14
2018-06-22,96,31
2018-06-23,97,44
2018-06-24,73,31
2018-06-25,78,41
2018-06-26,39,19
2018-06-27,95,44
2018-06-28,59,22
2018-06-29,95,47
2018-06-30,74,42
2018-07-01,83,32
2018-07-02,79,31
2018-07-03,49,18
2018-07-04,64,34
2018-07-05,77,40
2018-07-06,73,32
2018-07-07,50,31
2018-07-08,81,43
2018-07-09,56,22
2018-07-10,57,23
2018-07-11,83,35
2018-07-12,53,25
2018-07-13,74,35
2018-07-14,58,27
2018-07-15,85,42
2018-07-16,82,40
2018-07-17,37,18
2018-07-18,62,28
2018-07-19,86,41
2018-07-20,56,27
2018-07-21,68,26
2018-07-22,68,36
2018-07-23,55,29
2018-07-24,81,30
2018-07-25,82,32
2018-07-26,55,29
2018-07-27,56,27
2018-07-28,52,25
2018-07-29,70,33
2018-07-30,95,46
2018-07-31,33,19
2018-08-01,96,44
2018-08-02,75,40
2018-08-03,94,47
2018-08-04,84,46
2018-08-05,47,25
2018-08-06,58,18
2018-08-07,78,41
2018-08-08,95,51
2018-08-09,98,60
2018-08-10,95,43
2018-08-11,49,26
2018-08-12,38,27
2018-08-13,43,20
2018-08-14,47,22
2018-08-15,62,29
2018-08-16,52,19
2018-08-17,50,26
2018-08-18,82,35
2018-08-19,94,54
2018-08-20,79,33
2018-08-21,50,27
2018-08-22,79,38
2018-08-23,58,24
2018-08-24,98,48
2018-08-25,77,40
2018-08-26,77,39
2018-08-27,94,46
2018-08-28,51,20
2018-08-29,64,29
2018-08-30,52,25
2018-08-31,65,31
2018-09-01,82,38
2018-09-02,86,41
2018-09-03,96,40
2018-09-04,80,40
2018-09-05,81,34
2018-09-06,54,31
2018-09-07,56,34
2018-09-08,80,42
2018-09-09,97,56
2018-09-10,96,43
2018-09-11,70,27
2018-09-12,57,24
2018-09-13,96,38
2018-09-14,95,47
2018-09-15,96,37
2018-09-16,44,18
2018-09-17,97,44
2018-09-18,54,20
2018-09-19,45,21
2018-09-20,95,42
2018-09-21,80,37
2018-09-22,82,39
2018-09-23,83,46
2018-09-24,86,35
2018-09-25,76,25
2018-09-26,99,48
2018-09-27,64,31
2018-09-28,42,18
2018-09-29,72,32
2018-09-30,75,34
2018-10-01,62,22
2018-10-02,47,16
2018-10-03,64,31
2018-10-04,96,31
2018-10-05,95,44
2018-10-06,70,32
2018-10-07,61,32
2018-10-08,56,26
2018-10-09,80,34
2018-10-10,54,27
2018-10-11,84,38
2018-10-12,85,36
2018-10-13,80,33
2018-10-14,85,53
2018-10-15,74,35
2018-10-16,58,21
2018-10-17,52,24
2018-10-18,96,47
2018-10-19,54,24
2018-10-20,77,31
2018-10-21,46,21
2018-10-22,77,29
2018-10-23,46,21
2018-10-24,97,39
2018-10-25,48,25
2018-10-26,78,39
2018-10-27,55,28
2018-10-28,75,34
2018-10-29,71,25
2018-10-30,96,40
2018-10-31,52,19
2018-11-01,81,30
2018-11-02,82,26
2018-11-03,69,32
2018-11-04,95,49
2018-11-05,76,30
2018-11-06,66,21
2018-11-07,53,24
2018-11-08,59,28
2018-11-09,62,28
2018-11-10,99,42
2018-11-11,84,39
2018-11-12,68,41
2018-11-13,63,21
2018-11-14,88,30
2018-11-15,75,40
2018-11-16,80,40
2018-11-17,78,38
2018-11-18,83,34
2018-11-19,96,34
2018-11-20,78,33
2018-11-21,80,33
2018-11-22,80,37
2018-11-23,86,31
2018-11-24,59,27
2018-11-25,79,38
2018-11-26,89,38
2018-11-27,85,40
2018-11-28,52,22
2018-11-29,64,30
2018-11-30,83,38
2018-12-01,94,39
2018-12-02,54,24
2018-12-03,96,35
2018-12-04,53,21
2018-12-05,72,30
2018-12-06,56,21
2018-12-07,51,24
2018-12-08,84,38
2018-12-09,86,38
2018-12-10,79,40
2018-12-11,50,18
2018-12-12,71,36
2018-12-13,63,22
2018-12-14,81,30
2018-12-15,50,20
2018-12-16,76,40
2018-12-17,96,41
2018-12-18,58,28
2018-12-19,85,30
2018-12-20,51,26
2018-12-21,95,42
2018-12-22,95,40
2018-12-23,65,28
2018-12-24,58,31
2018-12-25,93,25
2018-12-26,61,29
2018-12-27,45,17
2018-12-28,67,30
2018-12-29,62,28
2018-12-30,96,44
2018-12-31,63,30
2019-01-01,95,39
2019-01-02,98,36
2019-01-03,97,38
2019-01-04,96,41
2019-01-05,58,22
2019-01-06,60,26
2019-01-07,98,35
2019-01-08,51,20
2019-01-09,60,23
2019-01-10,38,16
2019-01-11,97,51
2019-01-12,56,20
2019-01-13,57,23
2019-01-14,56,22
2019-01-15,58,18
2019-01-16,52,18
2019-01-17,49,18
2019-01-18,67,24
2019-01-19,66,20
2019-01-20,97,48
2019-01-21,56,27
2019-01-22,72,30
2019-01-23,95,51
2019-01-24,45,28
2019-01-25,54,30
2019-01-26,66,31
2019-01-27,56,26
2019-01-28,92,45
2019-01-29,61,38
2019-01-30,56,22
2019-01-31,51,22
2019-02-01,60,28
2019-02-02,59,33
2019-02-03,62,31
2019-02-04,62,30
2019-02-05,57,24
2019-02-06,97,50
2019-02-07,46,21
2019-02-08,60,19
2019-02-09,61,32
2019-02-10,91,48
2019-02-11,54,27
2019-02-12,63,34
2019-02-13,66,31
2019-02-14,93,40
2019-02-15,49,19
2019-02-16,55,31
2019-02-17,61,29
2019-02-18,95,41
2019-02-19,63,30
2019-02-20,5,1
2019-03-18,2,1
2019-03-19,66,24
2019-03-20,65,25
2019-03-21,55,25
2019-03-22,64,28
2019-03-23,44,23
2019-03-24,57,27
2019-03-25,64,32
2019-03-26,57,28
2019-03-27,96,39
2019-03-28,58,27
2019-03-29,95,44
2019-03-30,66,32
2019-03-31,60,25
2019-04-01,61,31
2019-04-02,97,37
2019-04-03,60,37
2019-04-04,97,45
2019-04-05,51,21
2019-04-06,68,34
2019-04-07,63,36
2019-04-08,51,29
2019-04-09,99,44
2019-04-10,95,46
2019-04-11,91,45
2019-04-12,65,43
2019-04-13,62,38
2019-04-14,60,36
2019-04-15,64,36
2019-04-16,94,42
2019-04-17,53,29
2019-04-18,97,52
2019-04-19,61,39
2019-04-20,58,43
2019-04-21,95,47
2019-04-22,47,18
2019-04-23,94,43
2019-04-24,57,23
2019-04-25,98,48
2019-04-26,64,39
2019-04-27,61,35
2019-04-28,60,37
2019-04-29,46,17
2019-04-30,60,31
2019-05-01,60,24
2019-05-02,65,29
2019-05-03,96,30
2019-05-04,60,33
2019-05-05,51,23
2019-05-06,94,45
2019-05-07,62,23
2019-05-08,50,19
2019-05-09,60,31
2019-05-10,62,30
2019-05-11,72,34
2019-05-12,62,25
2019-05-13,59,20
2019-05-14,51,24
2019-05-15,47,26
2019-05-16,95,42
2019-05-17,60,27
2019-05-18,61,31
2019-05-19,94,42
2019-05-20,57,32
2019-05-21,51,21
2019-05-22,60,15
2019-05-23,64,29
2019-05-24,60,28
2019-05-25,95,42
2019-05-26,63,23
2019-05-27,66,35
2019-05-28,100,41
2019-05-29,59,21
2019-05-30,96,42
2019-05-31,57,25
2019-06-01,80,38
2019-06-02,62,27
2019-06-03,48,17
2019-06-04,96,40
2019-06-05,60,22
2019-06-06,97,42
2019-06-07,62,24
2019-06-08,57,27
2019-06-09,98,40
2019-06-10,97,46
2019-06-11,97,31
2019-06-12,95,47
2019-06-13,49,18
2019-06-14,44,23
2019-06-15,55,22
2019-06-16,64,39
2019-06-17,67,24
2019-06-18,97,42
2019-06-19,58,32
2019-06-20,63,30
2019-06-21,67,38
2019-06-22,95,47
2019-06-23,96,58
2019-06-24,67,17
2019-06-25,41,17
2019-06-26,65,34
2019-06-27,56,27
2019-06-28,61,28
2019-06-29,62,31
2019-06-30,61,24
2019-07-01,56,21
2019-07-02,64,23
2019-07-03,59,20
2019-07-04,48,21
2019-07-05,64,32
2019-07-06,97,46
2019-07-07,96,49
2019-07-08,62,14
2019-07-09,61,24
2019-07-10,60,27
2019-07-11,63,23
2019-07-12,58,25
2019-07-13,57,25
2019-07-14,61,32
2019-07-15,96,48
2019-07-16,98,43
2019-07-17,55,20
2019-07-18,97,42
2019-07-19,66,27
2019-07-20,62,30
2019-07-21,98,45
2019-07-22,62,26
2019-07-23,61,24
2019-07-24,97,36
2019-07-25,56,27
2019-07-26,45,27
2019-07-27,63,30
2019-07-28,68,31
2019-07-29,48,22
2019-07-30,53,23
2019-07-31,67,25
2019-08-01,62,21
2019-08-02,59,32
2019-08-03,96,44
2019-08-04,62,29
2019-08-05,60,22
2019-08-06,65,31
2019-08-07,51,20
2019-08-08,59,29
2019-08-09,53,27
2019-08-10,65,24
2019-08-11,61,22
2019-08-12,97,40
2019-08-13,54,19
2019-08-14,94,43
2019-08-15,67,28
2019-08-16,51,26
2019-08-17,65,20
2019-08-18,51,23
2019-08-19,96,37
2019-08-20,56,18
2019-08-21,66,22
2019-08-22,58,28
2019-08-23,56,30
2019-08-24,62,26
2019-08-25,63,32
2019-08-26,60,30
2019-08-27,46,17
2019-08-28,65,29
2019-08-29,62,30
2019-08-30,59,31
2019-08-31,95,43
2019-09-01,62,31
2019-09-02,50,24
2019-09-03,64,31
2019-09-04,61,24
2019-09-05,54,20
2019-09-06,61,22
2019-09-07,95,51
2019-09-08,58,27
2019-09-09,94,45
2019-09-10,60,24
2019-09-11,97,40
2019-09-12,69,29
2019-09-13,44,19
2019-09-14,99,56
2019-09-15,59,31
2019-09-16,47,26
2019-09-17,96,45
2019-09-18,91,39
2019-09-19,71,39
2019-09-20,96,39
2019-09-21,66,32
2019-09-22,65,31
2019-09-23,96,42
2019-09-24,61,24
2019-09-25,37,12
2019-09-26,52,19
2019-09-27,61,23
2019-09-28,62,30
2019-09-29,95,40
2019-09-30,67,25
2019-10-01,62,23
2019-10-02,61,21
2019-10-03,56,26
2019-10-04,96,36
2019-10-05,59,33
2019-10-06,58,26
2019-10-07,94,35
2019-10-08,99,38
2019-10-09,97,47
2019-10-10,82,32
2019-10-11,72,31
2019-10-12,60,25
2019-10-13,85,43
2019-10-14,82,47
2019-10-15,89,33
2019-10-16,62,22
2019-10-17,53,20
2019-10-18,98,44
2019-10-19,93,40
2019-10-20,53,26
2019-10-21,76,37
2019-10-22,86,28
2019-10-23,63,28
2019-10-24,95,38
2019-10-25,76,25
2019-10-26,79,35
2019-10-27,95,42
2019-10-28,49,15
2019-10-29,63,21
2019-10-30,96,41
2019-10-31,96,34
2019-11-01,55,20
2019-11-02,62,28
2019-11-03,80,28
2019-11-04,80,31
2019-11-05,81,36
2019-11-06,81,26
2019-11-07,38,19
2019-11-08,73,30
2020-01-14,25,7
2020-01-15,47,17
2020-01-16,43,13
2020-01-17,61,22
2020-01-18,81,35
2020-01-19,91,36
2020-01-20,68,32
2020-01-21,46,23
2020-01-22,50,24
2020-01-23,58,31
2020-01-24,40,17
2020-01-25,74,27
2020-01-26,98,45
2020-01-27,71,43
2020-01-28,66,29
2020-01-29,76,32
2020-01-30,89,42
2020-01-31,79,37
2020-02-01,81,40
2020-02-02,95,46
2020-02-03,52,28
2020-02-04,69,44
2020-02-05,69,34
2020-02-06,37,22
2020-02-07,95,52
2020-02-08,55,36
2020-02-09,90,35
2020-02-10,84,47
2020-02-11,96,49
2020-02-12,92,53
2020-02-13,72,39
2020-02-14,96,46
2020-02-15,76,38
2020-02-16,88,46
2020-02-17,64,31
2020-02-18,70,32
2020-02-19,52,25
2020-02-20,62,30
2020-02-21,94,31
2020-02-22,91,43
2020-02-23,95,45
2020-02-24,80,37
2020-02-25,71,26
2020-02-26,67,36
2020-02-27,89,39
2020-02-28,94,40
2020-02-29,95,49
2020-03-01,91,39
2020-03-02,91,39
2020-03-03,80,36
2020-03-04,60,25
2020-03-05,59,22
2020-03-06,87,45
2020-03-07,81,35
2020-03-08,95,33
2020-03-09,93,49
2020-03-10,59,37
2020-03-11,72,34
2020-03-12,70,31
2020-03-13,84,33
2020-03-14,96,40
2020-03-15,96,36
2020-03-16,96,54
2020-03-17,89,41
2020-03-18,47,22
2020-03-19,71,34
2020-03-20,81,39
2020-03-21,78,40
2020-03-22,85,42
2020-03-23,96,49
2020-03-24,96,43
2020-03-25,40,20
2020-03-26,81,37
2020-03-27,60,32
2020-03-28,68,37
2020-03-29,93,44
2020-03-30,92,53
2020-03-31,73,27
2020-04-01,81,31
2020-04-02,59,25
2020-04-03,91,42
2020-04-04,59,29
2020-04-05,40,22
2020-04-06,65,29
2020-04-07,63,31
2020-04-08,68,38
2020-04-09,82,40
2020-04-10,97,45
2020-04-11,82,47
2020-04-12,79,36
2020-04-13,67,30
2020-04-14,94,44
2020-04-15,63,35
2020-04-16,59,33
2020-04-17,87,44
2020-04-18,43,20
2020-04-19,87,56
2020-04-20,53,27
2020-04-21,64,31
2020-04-22,96,61
2020-04-23,88,43
2020-04-24,96,42
2020-04-25,93,40
2020-04-26,79,40
2020-04-27,80,44
2020-04-28,96,49
2020-04-29,92,55
2020-04-30,71,38
2020-05-01,71,29
2020-05-02,91,45
2020-05-03,94,39
2020-05-04,69,33
2020-05-05,45,21
2020-05-06,96,47
2020-05-07,71,34
2020-05-08,94,56
2020-05-09,66,32
2020-05-10,81,47
2020-05-11,90,47
2020-05-12,96,30
2020-05-13,94,49
2020-05-14,100,50
2020-05-15,49,25
2020-05-16,61,30
2020-05-17,56,28
2020-05-18,66,35
2020-05-19,67,30
2020-05-20,39,19
2020-05-21,58,30
2020-05-22,95,54
2020-05-23,48,25
2020-05-24,81,33
2020-05-25,94,52
2020-05-26,70,37
2020-05-27,77,37
2020-05-28,94,46
2020-05-29,88,43
2020-05-30,98,59
2020-05-31,64,38
2020-06-01,95,38
2020-06-02,68,29
2020-06-03,70,39
2020-06-04,36,20
2020-06-05,42,20
2020-06-06,84,41
2020-06-07,74,44
2020-06-08,49,22
2020-06-09,59,26
2020-06-10,39,19
2020-06-11,30,13
2020-06-12,95,47
2020-06-13,92,51
2020-06-14,92,61
2020-06-15,87,48
2020-06-16,45,26
2020-06-17,67,46
2020-06-18,61,32
2020-06-19,71,34
2020-06-20,88,54
2020-06-21,19,9
2020-06-22,51,25
2020-06-23,31,14
2020-06-24,42,23
2020-06-25,40,19
2020-06-26,25,13
2020-06-27,69,47
2020-06-28,44,25
2020-06-29,41,26
2020-06-30,38,24
2020-07-01,35,17
2020-07-02,24,17
2020-07-03,41,23
2020-07-04,43,24
2020-07-05,29,13
2020-07-06,51,31
2020-07-07,63,33
2020-07-08,38,19
2020-07-09,57,32
2020-07-10,67,45
2020-07-11,65,43
2020-07-12,62,32
2020-07-13,84,47
2020-07-14,57,33
2020-07-15,57,40
2020-07-16,60,45
2020-07-17,56,41
2020-07-18,63,37
2020-07-19,64,34
2020-07-20,51,36
2020-07-21,97,69
2020-07-22,51,32
2020-07-23,95,60
2020-07-24,20,14
2020-07-25,89,63
2020-07-26,25,14
2020-07-27,90,57
2020-07-28,36,16
2020-07-29,48,34
2020-07-30,34,30
2020-07-31,93,62
2020-08-01,46,33
2020-08-02,67,41
2020-08-03,29,21
2020-08-04,69,48
2020-08-05,46,34
2020-08-06,70,44
2020-08-07,89,72
2020-08-08,43,29
2020-08-09,86,67
2020-08-10,27,22
2020-08-11,94,68
2020-08-12,40,30
2020-08-13,28,22
2020-08-14,38,26
2020-08-15,63,50
2020-08-16,52,41
2020-08-17,63,43
2020-08-18,33,24
2020-08-19,75,45
2020-08-20,48,33
2020-08-21,17,8
2020-08-22,23,15
2020-08-23,41,25
2020-08-24,20,12
2020-08-25,47,34
2020-08-26,92,61
2020-08-27,94,56
2020-08-28,68,37
2020-08-29,29,16
2020-08-30,63,37
2020-08-31,43,25
2020-09-01,53,33
2020-09-02,33,17
2020-09-03,28,19
2020-09-04,89,60
2020-09-05,39,29
2020-09-06,65,36
2020-09-07,88,45
2020-09-08,67,32
2020-09-09,16,9
2020-09-10,24,18
2020-09-11,36,25
2020-09-12,98,53
2020-09-13,58,28
2020-09-14,48,28
2020-09-15,24,18
2020-09-16,44,31
2020-09-17,30,20
2020-09-18,98,68
2020-09-19,94,57
2020-09-20,30,22
2020-09-21,26,16
2020-09-22,11,8
2020-09-23,71,55
2020-09-24,95,72
2020-09-25,57,34
2020-09-26,44,24
2020-09-27,96,54
2020-09-28,16,12
2020-09-29,32,22
2020-09-30,28,14
2020-10-01,99,64
2020-10-02,94,61
2020-10-03,93,58
2020-10-04,96,47
2020-10-05,42,28
2020-10-06,40,26
2020-10-07,25,16
2020-10-08,41,26
2020-10-09,96,67
2020-10-10,83,47
2020-10-11,96,58
2020-10-12,92,56
2020-10-13,101,59
2020-10-14,37,18
2020-10-15,95,44
2020-10-16,96,53
2020-10-17,98,69
2020-10-18,82,43
2020-10-19,83,42
2020-10-20,39,23
2020-10-21,60,33
2020-10-22,39,13
2020-10-23,93,49
2020-10-24,98,53
2020-10-25,25,8
2020-10-26,37,13
2020-10-27,94,46
2020-10-28,33,16
2020-10-29,43,21
2020-10-30,51,25
2020-10-31,26,15
2020-11-03,15,5
2020-11-04,94,42
2020-11-05,96,48
2020-11-06,100,41
2020-11-07,98,49
2020-11-08,95,40
2020-11-09,98,47
2020-11-10,95,46
2020-11-11,97,46
2020-11-12,92,52
2020-11-13,101,47
2020-11-14,91,26
2020-11-15,97,44
2020-11-16,96,53
2020-11-17,95,61
2020-11-18,95,46
2020-11-19,91,57
2020-11-20,87,52
2020-11-21,93,50
2020-11-22,87,25
2020-11-23,93,44
2020-11-24,90,41
2020-11-25,92,41
2020-11-26,83,34
2020-11-27,91,44
2020-11-28,87,42
2020-11-29,85,37
2020-11-30,84,35
2020-12-01,90,45
2020-12-02,80,29
2020-12-03,89,42
2020-12-04,86,40
2020-12-05,89,45
2020-12-06,81,32
2020-12-07,91,22
2020-12-08,86,28
2020-12-09,90,30
2020-12-10,79,35
2020-12-11,94,35
2020-12-12,87,33
2020-12-13,95,33
2020-12-14,92,23
2020-12-15,91,25
2020-12-16,86,27
2020-12-17,93,40
2020-12-18,91,31
2020-12-19,85,34
2020-12-20,91,37
2020-12-21,94,37
2020-12-22,94,30
2020-12-23,86,32
2020-12-24,89,28
2020-12-25,90,38
2020-12-26,88,31
2020-12-27,90,33
2020-12-28,92,28
2020-12-29,93,22
2020-12-30,87,28
2020-12-31,90,38
2021-01-01,86,21
2021-01-02,97,41
2021-01-03,86,37
2021-01-04,95,31
2021-01-05,79,26
2021-01-06,91,31
2021-01-07,91,36
2021-01-08,94,32
2021-01-09,90,25
2021-01-10,92,40
2021-01-11,92,31
2021-01-12,89,31
2021-01-13,91,29
2021-01-14,89,26
2021-01-15,94,24
2021-01-16,91,22
2021-01-17,90,30
2021-01-18,95,29
2021-01-19,90,30
2021-01-20,93,28
2021-01-21,94,26
2021-01-22,86,30
2021-01-23,93,33
2021-01-24,92,38
2021-01-25,90,24
2021-01-26,88,30
2021-01-27,85,24
2021-01-28,90,28
2021-01-29,82,20
2021-01-30,83,30
2021-01-31,84,25
2021-02-01,95,25
2021-02-02,81,30
2021-02-03,89,26
2021-02-04,94,27
2021-02-05,91,28
2021-02-06,90,37
2021-02-07,82,30
2021-02-08,93,33
2021-02-09,84,23
2021-02-10,87,25
2021-02-11,80,25
2021-02-12,75,26
2021-02-13,84,35
2021-02-14,84,27
2021-02-15,70,27
2021-02-16,90,31
2021-02-17,90,37
2021-02-18,91,36
2021-02-19,92,35
2021-02-20,83,26
2021-02-21,82,24
2021-02-22,91,26
2021-02-23,80,32
2021-02-24,75,19
2021-02-25,91,31
2021-02-26,94,33
2021-02-27,84,35
2021-02-28,93,26
2021-03-01,91,20
2021-03-02,88,18
2021-03-03,82,26
2021-03-04,92,28
2021-03-05,74,21
2021-03-06,88,37
2021-03-07,87,32
2021-03-08,83,23
2021-03-09,83,29
2021-03-10,75,20
2021-03-11,80,22
2021-03-12,86,28
2021-03-13,94,34
2021-03-14,82,28
2021-03-15,94,26
2021-03-16,90,25
2021-03-17,88,27
2021-03-18,90,30
2021-03-19,91,21
2021-03-20,81,23
2021-03-21,75,27
2021-03-22,93,30
2021-03-23,88,26
2021-03-24,76,24
2021-03-25,79,19
2021-03-26,83,30
2021-03-27,85,28
2021-03-28,87,35
2021-03-29,82,32
2021-03-30,84,24
2021-03-31,85,33
2021-04-01,83,40
2021-04-02,93,27
2021-04-03,87,33
2021-04-04,85,38
2021-04-05,92,30
2021-04-06,88,29
2021-04-07,90,38
2021-04-08,82,37
2021-04-09,90,29
2021-04-10,87,44
2021-04-11,73,33
2021-04-12,86,27
2021-04-13,92,32
2021-04-14,90,26
2021-04-15,178,44
2021-04-16,155,38
2021-04-17,141,36
2021-04-18,162,37
2021-04-19,154,44
2021-04-20,150,49
2021-04-21,158,46
2021-04-22,167,44
2021-04-23,176,57
2021-04-24,159,41
2021-04-25,106,39
2021-04-26,136,37
2021-04-27,178,53
2021-04-28,166,51
2021-04-29,117,29
2021-04-30,131,38
2021-05-01,154,49
2021-05-02,126,36
2021-05-03,139,40
2021-05-04,143,47
2021-05-05,141,54
2021-05-06,119,43
2021-05-07,157,57
2021-05-08,166,53
2021-05-09,153,58
2021-05-10,158,56
2021-05-11,128,36
2021-05-12,127,46
2021-05-13,146,54
2021-05-14,142,53
2021-05-15,121,44
2021-05-16,136,57
2021-05-17,179,58
2021-05-18,181,66
2021-05-19,173,65
2021-05-20,170,80
2021-05-21,166,56
2021-05-22,174,74
2021-05-23,165,69
2021-05-24,178,72
2021-05-25,175,73
2021-05-26,183,59
2021-05-27,168,72
2021-05-28,157,65
2021-05-29,168,65
2021-05-30,162,65
2021-05-31,166,65
2021-06-01,181,52
2021-06-02,160,44
2021-06-03,140,41
2021-06-04,120,32
2021-06-05,134,52
2021-06-06,175,60
2021-06-07,146,31
2021-06-08,158,32
2021-06-09,159,40
2021-06-10,101,33
2021-06-11,90,35
2021-06-12,83,17
2021-06-13,89,19
2021-06-14,89,21
2021-06-15,87,14
2021-06-16,88,18
2021-06-17,91,19
2021-06-18,90,20
2021-06-19,90,27
2021-06-20,88,18
2021-06-21,92,22
2021-06-22,88,11
2021-06-23,77,19
2021-06-24,86,13
2021-06-25,92,22
2021-06-26,89,23
2021-06-27,87,41
2021-06-28,89,43
2021-06-29,96,45
2021-06-30,92,44
2021-07-01,96,50
2021-07-02,94,47
2021-07-03,94,53
2021-07-04,88,45
2021-07-05,92,42
2021-07-06,91,45
2021-07-07,95,41
2021-07-08,97,50
2021-07-09,92,55
2021-07-10,97,53
2021-07-11,94,47
2021-07-12,96,38
2021-07-13,94,45
2021-07-14,94,45
2021-07-15,96,44
2021-07-16,96,57
2021-07-17,95,50
2021-07-18,94,44
2021-07-19,95,43
2021-07-20,96,49
2021-07-21,89,60
2021-07-22,94,52
2021-07-23,101,56
2021-07-24,98,50
2021-07-25,94,48
2021-07-26,95,47
2021-07-27,97,43
2021-07-28,98,45
2021-07-29,92,49
2021-07-30,94,55
2021-07-31,93,59
2021-08-01,87,39
2021-08-02,100,44
2021-08-03,94,45
2021-08-04,97,51
2021-08-05,95,44
2021-08-06,99,55
2021-08-07,95,65
2021-08-08,91,44
2021-08-09,93,50
2021-08-10,100,58
2021-08-11,94,55
2021-08-12,97,56
2021-08-13,96,57
2021-08-14,94,60
2021-08-15,96,52
2021-08-16,97,47
2021-08-17,93,54
2021-08-18,96,61
2021-08-19,96,47
2021-08-20,93,54
2021-08-21,99,63
2021-08-22,93,48
2021-08-23,94,46
2021-08-24,96,51
2021-08-25,97,55
2021-08-26,93,63
2021-08-27,98,56
2021-08-28,97,49
2021-08-29,94,38
2021-08-30,92,55
2021-08-31,96,50
2021-09-01,93,53
2021-09-02,95,48
2021-09-03,97,67
2021-09-04,92,60
2021-09-05,96,46
2021-09-06,96,59
2021-09-07,95,66
2021-09-08,94,47
2021-09-09,96,45
2021-09-10,93,44
2021-09-11,97,56
2021-09-12,90,43
2021-09-13,95,54
2021-09-14,100,58
2021-09-15,91,50
2021-09-16,96,44
2021-09-17,94,32
2021-09-18,98,42
2021-09-19,96,44
2021-09-20,91,36
2021-09-21,71,29
2021-09-22,96,56
2021-09-23,96,62
2021-09-24,98,55
2021-09-25,59,29
2021-09-26,99,55
2021-09-27,94,52
2021-09-28,97,46
2021-09-29,93,41
2021-09-30,98,63
2021-10-01,95,42
2021-10-02,97,50
2021-10-03,95,41
2021-10-04,95,40
2021-10-05,99,49
2021-10-06,96,54
2021-10-07,95,48
2021-10-08,96,49
2021-10-09,98,54
2021-10-10,94,46
2021-10-11,94,48
2021-10-12,94,48
2021-10-13,98,53
2021-10-14,94,47
2021-10-15,95,47
2021-10-16,97,52
2021-10-17,97,41
2021-10-18,96,36
2021-10-19,92,53
2021-10-20,101,45
2021-10-21,93,48
2021-10-22,96,53
2021-10-23,97,53
2021-10-24,93,39
2021-10-25,94,49
2021-10-26,96,38
2021-10-27,95,41
2021-10-28,96,47
2021-10-29,97,44
2021-10-30,92,45
2021-10-31,99,46
2021-11-01,96,47
2021-11-02,98,44
2021-11-03,95,36
2021-11-04,95,25
2021-11-05,91,27
2021-11-06,94,41
2021-11-07,93,29
2021-11-08,93,46
2021-11-09,96,43
2021-11-10,95,42
2021-11-11,89,42
2021-11-12,93,38
2021-11-13,93,41
2021-11-14,98,27
2021-11-15,96,43
2021-11-16,93,25
2021-11-17,99,42
2021-11-18,93,36
2021-11-19,89,29
2021-11-20,92,35
2021-11-21,88,39
2021-11-22,93,41
2021-11-23,94,43
2021-11-24,91,42
2021-11-25,92,43
2021-11-26,99,49
2021-11-27,97,48
2021-11-28,94,35
2021-11-29,100,45
2021-11-30,95,39
2021-12-01,96,34
2021-12-02,94,36
2021-12-03,94,43
2021-12-04,90,40
2021-12-05,98,45
2021-12-06,96,46
2021-12-07,63,28
2021-12-08,94,52
2021-12-09,94,49
2021-12-10,95,45
2021-12-11,96,53
2021-12-12,92,38
2021-12-13,86,28
2021-12-14,100,31
2021-12-15,97,43
2021-12-16,94,36
2021-12-17,96,37
2021-12-18,94,39
2021-12-19,95,43
2021-12-20,93,39
2021-12-21,93,40
2021-12-22,95,48
2021-12-23,97,47
2021-12-24,94,46
2021-12-25,92,44
2021-12-26,96,49
2021-12-27,95,45
2021-12-28,92,49
2021-12-29,98,35
2021-12-30,94,37
2021-12-31,96,35
2022-01-01,92,56
2022-01-02,93,46
2022-01-03,93,45
2022-01-04,99,44
2022-01-05,95,43
2022-01-06,94,53
2022-01-07,95,44
2022-01-08,92,63
2022-01-09,93,45
2022-01-10,100,51
2022-01-11,97,40
2022-01-12,88,50
2022-01-13,107,61
2022-01-14,94,45
2022-01-15,95,54
2022-01-16,91,52
2022-01-17,101,47
2022-01-18,91,51
2022-01-19,99,51
2022-01-20,99,61
2022-01-21,93,52
2022-01-22,97,59
2022-01-23,96,35
2022-01-24,97,56
2022-01-25,96,46
2022-01-26,99,68
2022-01-27,94,52
2022-01-28,97,65
2022-01-29,97,53
2022-01-30,88,38
2022-01-31,97,49
2022-02-01,98,62
2022-02-02,97,62
2022-02-03,88,67
2022-02-04,101,65
2022-02-05,100,62
2022-02-06,94,45
2022-02-07,93,58
2022-02-08,94,43
2022-02-09,96,67
2022-02-10,94,57
2022-02-11,97,56
2022-02-12,98,54
2022-02-13,89,44
2022-02-14,81,48
2022-02-15,103,56
2022-02-16,97,62
2022-02-17,83,47
2022-02-18,92,47
2022-02-19,89,56
2022-02-20,75,40
2022-02-21,94,43
2022-02-22,61,38
2022-02-23,56,28
2022-02-24,77,55
2022-02-25,87,65
2022-02-26,61,37
2022-02-27,61,35
2022-02-28,59,38
2022-03-01,50,26
2022-03-02,43,22
2022-03-03,44,27
2022-03-04,47,29
2022-03-05,73,36
2022-03-06,82,38
2022-03-07,83,44
2022-03-08,51,31
2022-03-09,51,31
2022-03-10,82,47
2022-03-11,62,41
2022-03-12,55,41
2022-03-13,64,45
2022-03-14,62,35
2022-03-15,56,35
2022-03-16,66,44
2022-03-17,69,44
2022-03-18,62,33
2022-03-19,76,36
2022-03-20,77,40
2022-03-21,87,53
2022-03-22,61,34
2022-03-23,63,42
2022-03-24,55,41
2022-03-25,71,44
2022-03-26,71,50
2022-03-27,75,36
2022-03-28,83,48
2022-03-29,82,60
2022-03-30,72,50
2022-03-31,50,32
2022-04-01,74,48
2022-04-02,91,64
2022-04-03,84,40
2022-04-04,84,50
2022-04-05,70,41
2022-04-06,90,64
2022-04-07,85,55
2022-04-08,83,46
2022-04-09,89,63
2022-04-10,60,36
2022-04-11,67,50
2022-04-12,64,46
2022-04-13,79,53
2022-04-14,66,45
2022-04-15,62,35
2022-04-16,62,35
2022-04-17,45,25
2022-04-18,61,43
2022-04-19,62,40
2022-04-20,81,54
2022-04-21,79,46
2022-04-22,62,43
2022-04-23,86,59
2022-04-24,65,43
2022-04-25,66,34
2022-04-26,72,47
2022-04-27,72,43
2022-04-28,82,55
2022-04-29,81,47
2022-04-30,67,46
2022-05-01,78,40
2022-05-02,78,59
2022-05-03,79,56
2022-05-04,70,48
2022-05-05,65,42
2022-05-06,76,46
2022-05-07,70,44
2022-05-08,73,47
2022-05-09,90,52
2022-05-10,83,51
2022-05-11,79,41
2022-05-12,80,48
2022-05-13,74,49
2022-05-14,87,48
2022-05-15,68,43
2022-05-16,69,41
2022-05-17,90,49
2022-05-18,85,52
2022-05-19,84,54
2022-05-20,94,64
2022-05-21,90,60
2022-05-22,96,54
2022-05-23,95,46
2022-05-24,92,56
2022-05-25,90,58
2022-05-26,97,66
2022-05-27,96,63
2022-05-28,94,61
2022-05-29,94,55
2022-05-30,89,47
2022-05-31,73,51
2022-06-01,72,42
2022-06-02,74,50
2022-06-03,80,37
2022-06-04,99,57
2022-06-05,99,63
2022-06-06,93,52
2022-06-07,93,60
2022-06-08,101,70
2022-06-09,97,67
2022-06-10,88,60
2022-06-11,98,63
2022-06-12,97,49
2022-06-13,94,54
2022-06-14,96,67
2022-06-15,99,64
2022-06-16,94,71
2022-06-17,95,64
2022-06-18,96,64
2022-06-19,105,46
2022-06-20,93,56
2022-06-21,97,72
2022-06-22,97,63
2022-06-23,92,63
2022-06-24,98,60
2022-06-25,97,60
2022-06-26,94,46
2022-06-27,97,48
2022-06-28,94,74
2022-06-29,102,68
2022-06-30,96,64
2022-07-01,94,63
2022-07-02,98,60
2022-07-03,94,45
2022-07-04,100,45
2022-07-05,94,46
2022-07-06,99,61
2022-07-07,94,61
2022-07-08,96,49
2022-07-09,98,59
2022-07-10,92,42
2022-07-11,69,46
2022-07-12,74,48
2022-07-13,78,38
2022-07-14,87,44
2022-07-15,84,40
2022-07-16,92,57
2022-07-17,81,54
2022-07-18,95,64
2022-07-19,87,59
2022-07-20,67,40
2022-07-21,89,59
2022-07-22,84,43
2022-07-23,72,48
2022-07-24,80,47
2022-07-25,98,58
2022-07-26,99,55
2022-07-27,96,53
2022-07-28,98,53
2022-07-29,89,43
2022-07-30,93,58
2022-07-31,101,55
2022-08-01,97,56
2022-08-02,97,68
2022-08-03,93,59
2022-08-04,93,47
2022-08-05,102,52
2022-08-06,91,45
2022-08-07,104,58
2022-08-08,90,46
2022-08-09,94,43
2022-08-10,94,52
2022-08-11,97,57
2022-08-12,99,59
2022-08-13,91,46
2022-08-14,101,50
2022-08-15,96,59
2022-08-16,96,57
2022-08-17,94,59
2022-08-18,101,68
2022-08-19,88,63
2022-08-20,104,72
2022-08-21,97,55
2022-08-22,92,62
2022-08-23,92,60
2022-08-24,102,67
2022-08-25,97,67
2022-08-26,95,70
2022-08-27,94,61
2022-08-28,96,62
2022-08-29,101,69
2022-08-30,85,54
2022-08-31,80,47
2022-09-01,73,47
2022-09-02,78,58
2022-09-03,75,55
2022-09-04,81,47
2022-09-05,81,50
2022-09-06,78,54
2022-09-07,86,63
2022-09-08,85,50
2022-09-09,92,54
2022-09-10,81,54
2022-09-11,85,52
2022-09-12,100,67
2022-09-13,93,60
2022-09-14,86,57
2022-09-15,81,53
2022-09-16,83,51
2022-09-17,86,56
2022-09-18,96,48
2022-09-19,89,57
2022-09-20,99,46
2022-09-21,98,55
2022-09-22,97,50
2022-09-23,101,60
2022-09-24,91,65
2022-09-25,96,61
2022-09-26,100,76
2022-09-27,96,53
2022-09-28,94,52
2022-09-29,97,49
2022-09-30,93,42
2022-10-01,97,39
2022-10-02,97,42
2022-10-03,100,54
2022-10-04,96,53
2022-10-05,96,47
2022-10-06,94,68
2022-10-07,93,48
2022-10-08,98,56
2022-10-09,94,44
2022-10-10,98,58
2022-10-11,83,44
2022-10-12,108,51
2022-10-13,88,57
2022-10-14,88,49
2022-10-15,92,48
2022-10-16,93,63
2022-10-17,94,48
2022-10-18,94,39
2022-10-19,84,41
2022-10-20,94,42
2022-10-21,95,38
2022-10-22,92,44
2022-10-23,106,29
2022-10-24,93,26
2022-10-25,96,36
2022-10-26,93,39
2022-10-27,98,38
2022-10-28,87,34
2022-10-29,103,33
2022-10-30,82,30
2022-10-31,107,49
2022-11-01,93,42
2022-11-02,98,33
2022-11-03,93,44
2022-11-04,100,46
2022-11-05,102,49
2022-11-06,93,40
2022-11-07,94,42
2022-11-08,98,52
2022-11-09,90,44
2022-11-10,101,39
2022-11-11,97,43
2022-11-12,95,44
2022-11-13,100,30
2022-11-14,96,37
2022-11-15,92,39
2022-11-16,97,49
2022-11-17,99,43
2022-11-18,94,40
2022-11-19,86,45
2022-11-20,80,34
2022-11-21,83,36
2022-11-22,88,47
2022-11-23,93,50
2022-11-24,80,47
2022-11-25,87,44
2022-11-26,94,42
2022-11-27,87,44
2022-11-28,89,37
2022-11-29,99,46
2022-11-30,87,42
2022-12-01,85,37
2022-12-02,85,39
2022-12-03,97,53
2022-12-04,99,51
2022-12-05,96,44
2022-12-06,91,37
2022-12-07,97,49
2022-12-08,100,58
2022-12-09,97,44
2022-12-10,92,42
2022-12-11,97,50
2022-12-12,93,49
2022-12-13,97,45
2022-12-14,98,46
2022-12-15,96,55
2022-12-16,96,63
2022-12-17,92,61
2022-12-18,104,50
2022-12-19,94,44
2022-12-20,94,46
2022-12-21,100,46
2022-12-22,95,54
2022-12-23,94,53
2022-12-24,95,45
2022-12-25,100,36
2022-12-26,92,45
2022-12-27,91,41
2022-12-28,99,53
2022-12-29,101,57
2022-12-30,88,37
2022-12-31,106,43
2023-01-01,87,42
2023-01-02,103,33
2023-01-03,100,40
2023-01-04,93,38
2023-01-05,102,42
2023-01-06,98,46
2023-01-07,90,51
2023-01-08,93,59
2023-01-09,100,37
2023-01-10,101,55
2023-01-11,92,41
2023-01-12,98,56
2023-01-13,98,40
2023-01-14,99,45
2023-01-15,94,40
2023-01-16,95,32
2023-01-17,94,36
2023-01-18,99,50
2023-01-19,97,45
2023-01-20,98,49
2023-01-21,92,41
2023-01-22,94,52
2023-01-23,93,41
2023-01-24,92,45
2023-01-25,97,48
2023-01-26,100,44
2023-01-27,92,55
2023-01-28,97,48
2023-01-29,102,54
2023-01-30,91,30
2023-01-31,98,42
2023-02-01,97,58
2023-02-02,97,55
2023-02-03,100,51
2023-02-04,87,53
2023-02-05,102,51
2023-02-06,94,38
2023-02-07,97,50
2023-02-08,101,46
2023-02-09,95,40
2023-02-10,90,46
2023-02-11,98,44
2023-02-12,95,37
2023-02-13,100,47
2023-02-14,97,41
2023-02-15,96,38
2023-02-16,93,43
2023-02-17,97,54
2023-02-18,96,50
2023-02-19,96,30
2023-02-20,98,38
2023-02-21,95,41
2023-02-22,97,44
2023-02-23,96,37
2023-02-24,96,46
2023-02-25,98,31
2023-02-26,94,34
2023-02-27,102,31
2023-02-28,93,31
2023-03-01,93,31
2023-03-02,99,30
2023-03-03,93,41
2023-03-04,95,53
2023-03-05,97,38
2023-03-06,97,33
2023-03-07,97,29
2023-03-08,100,35
2023-03-09,95,35
2023-03-10,92,31
2023-03-11,94,32
2023-03-12,101,57
2023-03-13,93,37
2023-03-14,100,22
2023-03-15,87,38
2023-03-16,103,40
2023-03-17,97,39
2023-03-18,93,44
2023-03-19,101,37
2023-03-20,97,39
2023-03-21,96,45
2023-03-22,99,46
2023-03-23,90,37
2023-03-24,99,30
2023-03-25,95,33
2023-03-26,98,39
2023-03-27,93,43
2023-03-28,98,42
2023-03-29,97,41
2023-03-30,94,32
2023-03-31,103,44
2023-04-01,93,34
2023-04-02,102,40
2023-04-03,92,38
2023-04-04,96,35
2023-04-05,99,41
2023-04-06,96,42
2023-04-07,94,39
2023-04-08,94,35
2023-04-09,105,40
2023-04-10,90,32
2023-04-11,101,47
2023-04-12,96,35
2023-04-13,96,46
2023-04-14,98,51
2023-04-15,95,41
2023-04-16,96,27
2023-04-17,98,38
2023-04-18,99,36
2023-04-19,92,34
2023-04-20,94,35
2023-04-21,99,44
2023-04-22,92,34
2023-04-23,98,50
2023-04-24,91,43
2023-04-25,107,40
2023-04-26,95,47
2023-04-27,99,45
2023-04-28,93,37
2023-04-29,88,20
2023-04-30,100,30
2023-05-01,100,40
2023-05-02,96,37
2023-05-03,95,28
2023-05-04,100,40
2023-05-05,95,30
2023-05-06,91,27
2023-05-07,102,22
2023-05-08,99,35
2023-05-09,94,25
2023-05-10,97,34
2023-05-11,99,34
2023-05-12,98,35
2023-05-13,96,40
2023-05-14,88,20
2023-05-15,103,41
2023-05-16,100,41
2023-05-17,94,30
2023-05-18,97,34
2023-05-19,96,33
2023-05-20,97,41
2023-05-21,92,24
2023-05-22,101,47
2023-05-23,93,27
2023-05-24,97,34
2023-05-25,101,34
2023-05-26,88,34
2023-05-27,106,39
2023-05-28,90,30
2023-05-29,98,32
2023-05-30,96,20
2023-05-31,99,36
2023-06-01,96,31
2023-06-02,97,30
2023-06-03,92,30
2023-06-04,96,29
2023-06-05,96,31
2023-06-06,98,34
2023-06-07,99,39
2023-06-08,97,25
2023-06-09,96,32
2023-06-10,93,33
2023-06-11,95,31
2023-06-12,104,47
2023-06-13,88,35
2023-06-14,101,33
2023-06-15,94,18
2023-06-16,91,32
2023-06-17,92,33
2023-06-18,104,23
2023-06-19,93,28
2023-06-20,102,32
2023-06-21,92,33
2023-06-22,103,35
2023-06-23,97,27
2023-06-24,93,18
2023-06-25,97,22
2023-06-26,100,24
2023-06-27,92,30
2023-06-28,96,33
2023-06-29,103,51
2023-06-30,88,33
2023-07-01,97,33
2023-07-02,99,31
2023-07-03,96,41
2023-07-04,102,36
2023-07-05,92,31
2023-07-06,98,39
2023-07-07,99,28
2023-07-08,95,30
2023-07-09,101,51
2023-07-10,95,38
2023-07-11,94,29
2023-07-12,99,35
2023-07-13,95,38
2023-07-14,99,37
2023-07-15,95,35
2023-07-16,97,43
2023-07-17,93,43
2023-07-18,105,38
2023-07-19,94,28
2023-07-20,102,24
2023-07-21,94,28
2023-07-22,98,28
2023-07-23,91,29
2023-07-24,100,34
2023-07-25,94,34
2023-07-26,101,31
2023-07-27,91,29
2023-07-28,99,25
2023-07-29,96,26
2023-07-30,95,26
2023-07-31,102,21
2023-08-01,92,24
2023-08-02,95,20
2023-08-03,102,28
2023-08-04,95,39
2023-08-05,100,25
2023-08-06,94,48
2023-08-07,103,27
2023-08-08,93,29
2023-08-09,105,27
2023-08-10,92,29
2023-08-11,96,43
2023-08-12,92,21
2023-08-13,98,23
2023-08-14,102,31
2023-08-15,93,33
2023-08-16,94,26
2023-08-17,101,25
2023-08-18,93,20
2023-08-19,101,26
2023-08-20,86,20
2023-08-21,101,27
2023-08-22,96,35
2023-08-23,99,21
2023-08-24,97,24
2023-08-25,99,32
2023-08-26,95,22
2023-08-27,98,40
2023-08-28,88,21
2023-08-29,99,25
2023-08-30,100,24
2023-08-31,97,36
2023-09-01,97,34
2023-09-02,95,38
2023-09-03,96,31
2023-09-04,99,29
2023-09-05,97,34
2023-09-06,99,19
2023-09-07,93,33
2023-09-08,100,28
2023-09-09,94,22
2023-09-10,96,18
2023-09-11,102,21
2023-09-12,93,15
2023-09-13,100,29
2023-09-14,93,28
2023-09-15,98,29
2023-09-16,97,41
2023-09-17,94,12
2023-09-18,99,20
2023-09-19,95,21
2023-09-20,100,29
2023-09-21,94,18
2023-09-22,91,23
2023-09-23,99,18
2023-09-24,89,25
2023-09-25,110,33
2023-09-26,92,21
2023-09-27,96,19
2023-09-28,103,12
2023-09-29,91,20
2023-09-30,102,21
2023-10-01,97,24
2023-10-02,102,19
2023-10-03,94,17
2023-10-04,88,15
2023-10-05,106,21
2023-10-06,95,21
2023-10-07,95,16
2023-10-08,96,27
2023-10-09,100,23
2023-10-10,98,16
2023-10-11,98,26
2023-10-12,101,30
2023-10-13,95,26
2023-10-14,96,27
2023-10-15,100,41
2023-10-16,98,25
2023-10-17,94,19
2023-10-18,95,21
2023-10-19,95,19
2023-10-20,98,27
2023-10-21,97,27
2023-10-22,83,23
2023-10-23,111,27
2023-10-24,95,24
2023-10-25,100,21
2023-10-26,96,27
2023-10-27,98,22
2023-10-28,90,15
2023-10-29,104,12
2023-10-30,97,17
2023-10-31,102,20
2023-11-01,93,29
2023-11-02,99,24
2023-11-03,93,26
2023-11-04,103,31
2023-11-05,93,35
2023-11-06,90,26
2023-11-07,101,24
2023-11-08,96,29
2023-11-09,96,24
2023-11-10,101,27
2023-11-11,93,27
2023-11-12,98,39
2023-11-13,103,37
2023-11-14,89,19
2023-11-15,106,31
2023-11-16,93,19
2023-11-17,101,22
2023-11-18,88,17
2023-11-19,109,23
2023-11-20,87,18
2023-11-21,99,14
2023-11-22,96,20
2023-11-23,104,13
2023-11-24,90,18
2023-11-25,94,32
2023-11-26,96,12
2023-11-27,106,22
2023-11-28,92,29
2023-11-29,97,18
2023-11-30,95,19
2023-12-01,100,22
2023-12-02,100,12
2023-12-03,87,21
2023-12-04,101,32
2023-12-05,96,20
2023-12-06,89,20
2023-12-07,107,16
2023-12-08,97,25
2023-12-09,97,20
2023-12-10,93,13
2023-12-11,98,19
2023-12-12,99,30
2023-12-13,100,25
2023-12-14,95,27
2023-12-15,94,25
2023-12-16,92,27
2023-12-17,103,32
2023-12-18,97,38
2023-12-19,92,16
2023-12-20,101,31
2023-12-21,92,22
2023-12-22,96,29
2023-12-23,99,45
2023-12-24,93,22
2023-12-25,99,15
2023-12-26,108,26
2023-12-27,97,16
2023-12-28,106,15
2023-12-29,105,22
2023-12-30,89,22
2023-12-31,90,24
2024-01-01,103,26
2024-01-02,99,28
2024-01-03,94,32
2024-01-04,98,28
2024-01-05,99,27
2024-01-06,97,24
2024-01-07,98,23
2024-01-08,96,32
2024-01-09,94,21
2024-01-10,103,29
2024-01-11,96,33
2024-01-12,91,34
2024-01-13,104,34
2024-01-14,102,25
2024-01-15,88,28
2024-01-16,101,20
2024-01-17,91,23
2024-01-18,105,39
2024-01-19,90,22
2024-01-20,99,27
2024-01-21,91,18
2024-01-22,101,33
2024-01-23,101,25
2024-01-24,90,29
2024-01-25,97,15
2024-01-26,104,36
2024-01-27,94,32
2024-01-28,103,23
2024-01-29,94,22
2024-01-30,100,24
2024-01-31,98,16
2024-02-01,97,29
2024-02-02,101,16
2024-02-03,92,18
2024-02-04,100,27
2024-02-05,93,37
2024-02-06,102,39
2024-02-07,92,25
2024-02-08,96,15
2024-02-09,101,23
2024-02-10,92,26
2024-02-11,96,29
2024-02-12,95,26
2024-02-13,98,25
2024-02-14,92,21
2024-02-15,97,25
2024-02-16,108,28
2024-02-17,95,39
2024-02-18,96,33
2024-02-19,95,28
2024-02-20,98,31
2024-02-21,95,27
2024-02-22,97,23
2024-02-23,95,25
2024-02-24,100,16
2024-02-25,96,24
2024-02-26,97,27
2024-02-27,94,22
2024-02-28,94,21
2024-02-29,97,23
2024-03-01,96,19
2024-03-02,103,24
2024-03-03,95,18
2024-03-04,101,20
2024-03-05,96,17
2024-03-06,98,31
2024-03-07,99,36
2024-03-08,93,36
2024-03-09,98,28
2024-03-10,96,16
2024-03-11,96,21
2024-03-12,99,15
2024-03-13,97,24
2024-03-14,98,21
2024-03-15,93,19
2024-03-16,102,22
2024-03-17,97,20
2024-03-18,89,23
2024-03-19,100,41
2024-03-20,103,34
2024-03-21,95,24
2024-03-22,101,16
2024-03-23,94,18
2024-03-24,95,19
2024-03-25,93,20
2024-03-26,100,28
2024-03-27,96,30
2024-03-28,95,26
2024-03-29,104,31
2024-03-30,95,34
2024-03-31,93,18
2024-04-01,98,22
2024-04-02,100,36
2024-04-03,90,31
2024-04-04,103,28
2024-04-05,94,43
2024-04-06,100,28
2024-04-07,90,41
2024-04-08,112,42
2024-04-09,95,27
2024-04-10,96,27
2024-04-11,94,17
2024-04-12,96,27
2024-04-13,95,35
2024-04-14,98,28
2024-04-15,99,52
2024-04-16,88,45
2024-04-17,100,32
2024-04-18,102,37
2024-04-19,92,35
2024-04-20,100,26
2024-04-21,91,18
2024-04-22,99,32
2024-04-23,109,56
2024-04-24,94,37
2024-04-25,100,24
2024-04-26,84,17
2024-04-27,108,33
2024-04-28,90,17
2024-04-29,99,21
2024-04-30,95,22
2024-05-01,97,31
2024-05-02,98,16
2024-05-03,95,27
2024-05-04,96,19
2024-05-05,98,14
2024-05-06,92,21
2024-05-07,98,23
2024-05-08,99,35
2024-05-09,99,48
2024-05-10,98,25
2024-05-11,94,29
2024-05-12,91,52
2024-05-13,98,41
2024-05-14,98,36
2024-05-15,97,23
2024-05-16,92,33
2024-05-17,100,39
2024-05-18,102,27
2024-05-19,88,33
2024-05-20,102,22
2024-05-21,98,22
2024-05-22,98,30
2024-05-23,94,15
2024-05-24,93,24
2024-05-25,102,28
2024-05-26,90,30
2024-05-27,98,28
2024-05-28,100,30
2024-05-29,92,33
2024-05-30,100,19
2024-05-31,101,36
2024-06-01,94,25
2024-06-02,81,17
2024-06-03,114,31
2024-06-04,93,34
2024-06-05,92,30
2024-06-06,101,35
2024-06-07,100,29
2024-06-08,91,31
2024-06-09,97,18
2024-06-10,97,25
2024-06-11,91,45
2024-06-12,96,28
2024-06-13,105,30
2024-06-14,96,29
2024-06-15,97,22
2024-06-16,85,13
2024-06-17,107,26
2024-06-18,103,24
2024-06-19,95,17
2024-06-20,98,32
2024-06-21,93,32
2024-06-22,101,18
2024-06-23,99,16
2024-06-24,90,20
2024-06-25,99,20
2024-06-26,98,27
2024-06-27,97,28
2024-06-28,96,20
2024-06-29,99,21
2024-06-30,95,10
2024-07-01,101,21
2024-07-02,100,20
2024-07-03,87,24
2024-07-04,105,20
2024-07-05,93,16
2024-07-06,99,23
2024-07-07,94,26
2024-07-08,103,17
2024-07-09,93,16
2024-07-10,95,17
2024-07-11,103,9
2024-07-12,93,13
2024-07-13,98,18
2024-07-14,94,16
2024-07-15,100,10
2024-07-16,94,21
2024-07-17,95,18
2024-07-18,97,23
2024-07-19,100,14
2024-07-20,95,14
2024-07-21,97,8
2024-07-22,100,24
2024-07-23,97,4
2024-07-24,100,22
2024-07-25,97,12
2024-07-26,94,11
2024-07-27,97,18
2024-07-28,100,37
2024-07-29,98,12
2024-07-30,91,10
2024-07-31,106,14
2024-08-01,97,25
2024-08-02,89,17
2024-08-03,99,12
2024-08-04,101,16
2024-08-05,87,8
2024-08-06,99,30
2024-08-07,95,15
2024-08-08,104,18
2024-08-09,101,19
2024-08-10,95,12
2024-08-11,103,7
2024-08-12,94,15
2024-08-13,98,22
2024-08-14,90,23
2024-08-15,88,10
2024-08-16,114,12
2024-08-17,96,18
2024-08-18,104,23
2024-08-19,93,12
2024-08-20,96,12
2024-08-21,98,14
2024-08-22,87,7
2024-08-23,107,6
2024-08-24,90,11
2024-08-25,101,8
2024-08-26,88,8
2024-08-27,91,12
2024-08-28,41,18
2024-08-29,169,24
2024-08-30,86,9
2024-08-31,105,8
2024-09-01,97,17
2024-09-02,97,12
2024-09-03,98,13
2024-09-04,94,16
2024-09-05,100,17
2024-09-06,102,12
2024-09-07,96,12
2024-09-08,92,12
2024-09-09,95,13
2024-09-10,98,14
2024-09-11,93,16
2024-09-12,96,20
2024-09-13,103,26
2024-09-14,105,9
2024-09-15,92,24
2024-09-16,96,27
2024-09-17,90,14
2024-09-18,100,15
2024-09-19,88,21
2024-09-20,100,18
2024-09-21,104,9
2024-09-22,93,18
2024-09-23,85,15
2024-09-24,102,15
2024-09-25,101,38
2024-09-26,102,41
2024-09-27,89,21
2024-09-28,107,6
2024-09-29,90,18
2024-09-30,101,5
2024-10-01,83,14
2024-10-02,113,20
2024-10-03,92,14
2024-10-04,100,11
2024-10-05,101,7
2024-10-06,91,31
2024-10-07,93,10
2024-10-08,99,10
2024-10-09,97,10
2024-10-10,95,19
2024-10-11,97,18
2024-10-12,104,18
2024-10-13,96,9
2024-10-14,99,6
2024-10-15,97,17
2024-10-16,93,23
2024-10-17,98,21
2024-10-18,89,28
2024-10-19,109,33
2024-10-20,86,22
2024-10-21,104,25
2024-10-22,93,6
2024-10-23,101,23
2024-10-24,97,48
2024-10-25,102,49
2024-10-26,100,21
2024-10-27,89,21
2024-10-28,102,14
2024-10-29,87,11
2024-10-30,100,18
2024-10-31,87,21
2024-11-01,108,34
2024-11-02,86,10
2024-11-03,108,23
2024-11-04,92,18
2024-11-05,93,13
2024-11-06,107,29
2024-11-07,92,16
2024-11-08,97,20
2024-11-09,110,38
2024-11-10,81,12
2024-11-11,108,26
2024-11-12,94,16
2024-11-13,99,20
2024-11-14,95,25
2024-11-15,99,23
2024-11-16,99,29
2024-11-17,93,23
2024-11-18,85,28
2024-11-19,98,24
2024-11-20,95,37
2024-11-21,109,62
2024-11-22,103,28
2024-11-23,102,51
2024-11-24,90,49
2024-11-25,97,28
2024-11-26,92,28
2024-11-27,106,31
2024-11-28,98,17
2024-11-29,97,30
2024-11-30,96,32
2024-12-01,95,29
2024-12-02,93,32
2024-12-03,97,23
2024-12-04,97,33
2024-12-05,95,31
2024-12-06,97,44
2024-12-07,94,23
2024-12-08,87,29
2024-12-09,109,22
2024-12-10,93,17
2024-12-11,100,34
2024-12-12,94,19
2024-12-13,95,2
2024-12-14,106,13
2024-12-15,94,28
2024-12-16,100,27
2024-12-17,93,47
2024-12-18,94,27
2024-12-19,106,56
2024-12-20,86,19
2024-12-21,104,51
2024-12-22,89,15
2024-12-23,112,32
2024-12-24,84,21
2024-12-25,112,35
2024-12-26,97,32
2024-12-27,92,29
2024-12-28,104,38
2024-12-29,93,29
2024-12-30,92,19
2024-12-31,98,18
2025-01-01,102,34
2025-01-02,93,36
2025-01-03,99,35
2025-01-04,96,34
2025-01-05,91,36
2025-01-06,90,25
2025-01-07,103,34
2025-01-08,94,24
2025-01-09,112,41
2025-01-10,90,17
2025-01-11,87,21
2025-01-12,106,34
2025-01-13,96,41
2025-01-14,100,33
2025-01-15,95,24
2025-01-16,95,37
2025-01-17,92,23
2025-01-18,100,26
2025-01-19,94,34
2025-01-20,101,26
2025-01-21,103,17
2025-01-22,90,20
2025-01-23,100,10
2025-01-24,102,15
2025-01-25,98,24
2025-01-26,92,31
2025-01-27,97,29
2025-01-28,98,30
2025-01-29,99,7
2025-01-30,90,19
2025-01-31,100,14
2025-02-01,102,17
2025-02-02,91,24
2025-02-03,96,15
2025-02-04,96,29
2025-02-05,92,39
2025-02-06,86,30
2025-02-07,105,35
2025-02-08,97,19
2025-02-09,114,22
2025-02-10,89,19
2025-02-11,99,23
2025-02-12,101,20
2025-02-13,84,29
2025-02-14,107,34
2025-02-15,90,30
2025-02-16,112,38
2025-02-17,89,39
2025-02-18,96,39
2025-02-19,99,39
2025-02-20,94,56
2025-02-21,98,56
2025-02-22,94,49
2025-02-23,101,32
2025-02-24,97,31
2025-02-25,99,42
2025-02-26,96,30
2025-02-27,97,40
2025-02-28,96,42
2025-03-01,101,25
2025-03-02,98,28
2025-03-03,96,20
2025-03-04,97,26
2025-03-05,98,31
2025-03-06,97,38
2025-03-07,96,20
2025-03-08,96,48
2025-03-09,103,34
2025-03-10,95,43
2025-03-11,98,32
2025-03-12,97,25
2025-03-13,94,43
2025-03-14,89,24
2025-03-15,107,41
2025-03-16,98,37
2025-03-17,89,32
2025-03-18,100,48
2025-03-19,97,22
2025-03-20,95,25
2025-03-21,89,47
2025-03-22,102,49
2025-03-23,102,56
2025-03-24,96,43
2025-03-25,90,43
2025-03-26,100,54
2025-03-27,97,43
2025-03-28,93,39
2025-03-29,97,57
2025-03-30,102,64
2025-03-31,93,52
2025-04-01,96,46
2025-04-02,103,66
2025-04-03,90,36
2025-04-04,98,40
2025-04-05,97,40
2025-04-06,91,35
2025-04-07,99,40
2025-04-08,94,26
2025-04-09,103,25
2025-04-10,95,37
2025-04-11,97,28
2025-04-12,95,33
2025-04-13,100,45
2025-04-14,90,22
2025-04-15,103,35
2025-04-16,95,27
2025-04-17,93,30
2025-04-18,97,21
2025-04-19,102,42
2025-04-20,93,24
2025-04-21,94,37
2025-04-22,102,30
2025-04-23,94,34
2025-04-24,100,25
2025-04-25,94,33
2025-04-26,99,27
2025-04-27,91,41
2025-04-28,100,32
2025-04-29,94,49
2025-04-30,97,24
2025-05-01,93,25
2025-05-02,100,36
2025-05-03,96,31
2025-05-04,95,16
2025-05-05,96,34
2025-05-06,105,33
2025-05-07,101,28
2025-05-08,89,30
2025-05-09,100,37
2025-05-10,104,39
2025-05-11,91,34
2025-05-12,98,43
2025-05-13,93,39
2025-05-14,97,48
2025-05-15,94,35
2025-05-16,106,37
2025-05-17,91,30
2025-05-18,102,46
2025-05-19,94,26
2025-05-20,102,26
2025-05-21,94,20
2025-05-22,92,26
2025-05-23,100,19
2025-05-24,98,29
2025-05-25,95,38
2025-05-26,99,33
2025-05-27,105,20
2025-05-28,104,31
2025-05-29,93,26
2025-05-30,99,38
2025-05-31,98,40
2025-06-01,94,37
2025-06-02,98,30
2025-06-03,98,19
2025-06-04,96,19
2025-06-05,96,30
2025-06-06,97,35
2025-06-07,94,31
2025-06-08,96,37
2025-06-09,95,49
2025-06-10,100,51
2025-06-11,96,35
2025-06-12,91,21
2025-06-13,96,35
2025-06-14,99,26
2025-06-15,100,21
2025-06-16,100,27
2025-06-17,93,27
2025-06-18,95,29
2025-06-19,99,29
2025-06-20,97,26
2025-06-21,100,34
2025-06-22,101,51
2025-06-23,95,28
2025-06-24,97,26
2025-06-25,96,35
2025-06-26,94,28
2025-06-27,96,28
2025-06-28,104,22
2025-06-29,90,28
2025-06-30,102,27
2025-07-01,95,31
2025-07-02,95,28
2025-07-03,96,19
2025-07-04,100,25
2025-07-05,99,18
2025-07-06,92,32
2025-07-07,99,27
2025-07-08,97,33
2025-07-09,100,35
2025-07-10,88,25
2025-07-11,100,26
2025-07-12,103,23
2025-07-13,83,5
2025-07-14,109,45
2025-07-15,91,47
2025-07-16,101,48
2025-07-17,99,42
2025-07-18,99,34
2025-07-19,99,19
2025-07-20,92,19
2025-07-21,99,27
2025-07-22,99,32
2025-07-23,95,30
2025-07-24,90,26
2025-07-25,103,33
2025-07-26,91,21
2025-07-27,103,28
2025-07-28,96,26
2025-07-29,102,37
2025-07-30,95,26
2025-07-31,90,38
2025-08-01,102,32
2025-08-02,94,16
2025-08-03,94,35
2025-08-04,99,32
2025-08-05,95,38
2025-08-06,96,32
2025-08-07,95,31
2025-08-08,100,58
2025-08-09,94,26
2025-08-10,100,19
2025-08-11,99,31
2025-08-12,93,40
2025-08-13,98,33
2025-08-14,96,38
2025-08-15,102,19
2025-08-16,95,26
2025-08-17,94,33
2025-08-18,100,33
2025-08-19,95,33
2025-08-20,93,34
2025-08-21,101,35
2025-08-22,98,31
2025-08-23,90,26
2025-08-24,96,24
2025-08-25,103,32
2025-08-26,91,31
2025-08-27,100,28
2025-08-28,98,35
2025-08-29,95,21
2025-08-30,91,19
2025-08-31,101,23
2025-09-01,96,15
2025-09-02,91,23
2025-09-03,99,26
2025-09-04,98,34
2025-09-05,97,42
2025-09-06,97,43
2025-09-07,98,56
2025-09-08,95,41
2025-09-09,88,49
2025-09-10,102,34
2025-09-11,98,32
2025-09-12,97,41
2025-09-13,95,25
2025-09-14,100,30
2025-09-15,88,28
2025-09-16,101,30
2025-09-17,97,34
2025-09-18,101,37
2025-09-19,93,36
2025-09-20,100,37
2025-09-21,98,36
2025-09-22,93,39
2025-09-23,96,35
2025-09-24,101,44
2025-09-25,91,35
2025-09-26,96,43
2025-09-27,98,39
2025-09-28,98,50
2025-09-29,93,24
2025-09-30,99,18
2025-10-01,95,23
2025-10-02,92,36
2025-10-03,104,44
2025-10-04,94,53
2025-10-05,102,38
2025-10-06,92,33
2025-10-07,93,31
2025-10-08,93,33
2025-10-09,104,38
2025-10-10,96,32
2025-10-11,99,34
2025-10-12,94,21
2025-10-13,99,31
2025-10-14,97,29
2025-10-15,100,27
2025-10-16,91,24
2025-10-17,97,23
2025-10-18,100,31
2025-10-19,84,29
2025-10-20,85,13
2025-10-21,92,15
2025-10-22,94,24
2025-10-23,96,27
2025-10-24,99,25
2025-10-25,88,19
2025-10-26,92,17
2025-10-27,93,17
2025-10-28,96,12
2025-10-29,98,23
2025-10-30,99,23
2025-10-31,94,24
2025-11-01,97,36
2025-11-02,296,64
2025-11-03,92,19
2025-11-04,98,30
2025-11-05,99,26
2025-11-06,91,24
2025-11-07,95,23
2025-11-08,102,18
2025-11-09,93,17
2025-11-10,94,21
2025-11-11,102,16
2025-11-12,101,21
2025-11-13,91,23
2025-11-14,95,11
2025-11-15,96,16
2025-11-16,97,21
2025-11-17,101,21
2025-11-18,94,27
2025-11-19,98,25
2025-11-20,98,13
2025-11-21,92,26
2025-11-22,102,29
2025-11-23,96,58
2025-11-24,95,39
2025-11-25,95,40
2025-11-26,96,31
2025-11-27,92,41
2025-11-28,94,26
2025-11-29,95,34
2025-11-30,101,38
2025-12-01,97,24
2025-12-02,94,30
2025-12-03,99,29
2025-12-04,93,23
2025-12-05,99,26
2025-12-06,96,21
2025-12-07,96,29
2025-12-08,98,15
2025-12-09,96,17
2025-12-10,96,22
2025-12-11,94,22
2025-12-12,99,25
2025-12-13,94,22
2025-12-14,96,15
2025-12-15,99,12
2025-12-16,95,17
2025-12-17,103,19
2025-12-18,96,25
2025-12-19,95,16
2025-12-20,98,17
2025-12-21,97,24
2025-12-22,96,11
2025-12-23,99,21
2025-12-24,98,19
2025-12-25,61,10
2025-12-26,73,11
2025-12-27,103,14
2025-12-28,97,35
2025-12-29,94,16
2025-12-30,103,18
2025-12-31,94,29
2026-01-01,100,28
2026-01-02,98,12
2026-01-03,93,15
2026-01-04,19,3
2026-01-05,40,8
2026-01-06,97,19
2026-01-07,100,17
2026-01-08,97,26
2026-01-09,97,29
2026-01-10,98,44
2026-01-11,91,17
2026-01-12,96,24
2026-01-13,100,38
2026-01-14,97,21
2026-01-15,96,24
2026-01-16,95,29
2026-01-17,102,25
2026-01-18,95,21
2026-01-19,97,28
2026-01-20,90,27
2026-01-21,99,35
2026-01-22,100,24
2026-01-23,97,27
2026-01-24,97,17
2026-01-25,99,17
2026-01-26,94,11
2026-01-27,99,15
2026-01-28,95,16
2026-01-29,98,22
2026-01-30,100,35
2026-01-31,96,20
2026-02-01,95,24
2026-02-02,96,31
2026-02-03,95,21
2026-02-04,100,22
2026-02-05,99,19
2026-02-06,89,29
2026-02-07,105,15
2026-02-08,94,15
2026-02-09,98,13
2026-02-10,101,40
2026-02-11,96,38
2026-02-12,87,22
2026-02-13,101,38
2026-02-14,94,31
2026-02-15,97,34
2026-02-16,96,40
2026-02-17,95,33
2026-02-18,97,34
2026-02-19,98,39
2026-02-20,95,26
2026-02-21,97,26
2026-02-22,64,20
2026-02-23,95,21
2026-02-24,96,20
2026-02-25,94,20
2026-02-26,102,27
2026-02-27,103,21
2026-02-28,100,30
2026-03-01,95,23
2026-03-02,97,28
2026-03-03,96,24
2026-03-04,98,27
2026-03-05,96,30
2026-03-06,95,47
2026-03-07,98,41
2026-03-08,96,50
2026-03-09,93,35
2026-03-10,94,43
2026-03-11,92,26
2026-03-12,101,20
2026-03-13,74,26
2026-03-14,78,26
2026-03-15,43,22
2026-03-16,65,39
2026-03-17,80,30
2026-03-18,99,40
2026-03-19,97,34
2026-03-20,96,31
2026-03-21,98,30
2026-03-22,99,37
2026-03-23,90,30
2026-03-24,101,28
2026-03-25,98,35
2026-03-26,96,42
2026-03-27,95,26
2026-03-28,98,43
2026-03-29,98,18
2026-03-30,97,30
2026-03-31,96,35
2026-04-01,100,32
2026-04-02,93,43
2026-04-03,95,44
2026-04-04,98,28
2026-04-05,97,30
2026-04-06,96,32
2026-04-07,85,33
2026-04-08,96,33
2026-04-09,98,36
2026-04-10,95,40
2026-04-11,101,21
2026-04-12,95,42
2026-04-13,102,39
2026-04-14,94,38
2026-04-15,97,25
2026-04-16,96,36
2026-04-17,98,29
2026-04-18,97,24
2026-04-19,96,19
2026-04-20,93,15
2026-04-21,96,31
2026-04-22,100,15
2026-04-23,96,24
2026-04-24,97,27
2026-04-25,89,26
2026-04-26,105,39
2026-04-27,97,28
2026-04-28,95,34
2026-04-29,96,24
2026-04-30,96,34
2026-05-01,98,33
2026-05-02,97,25
2026-05-03,95,46
2026-05-04,96,27
2026-05-05,100,31
2026-05-06,96,43
2026-05-07,97,41
2026-05-08,98,44
2026-05-09,91,28
2026-05-10,99,40
2026-05-11,98,31
2026-05-12,97,36
2026-05-13,99,29
2026-05-14,95,27
2026-05-15,93,26
2026-05-16,94,30
2026-05-17,98,30
2026-05-18,99,33
2026-05-19,99,27
2026-05-20,97,24
2026-05-21,96,28
2026-05-22,98,20
2026-05-23,92,17
2026-05-24,100,25
2026-05-25,93,6
2026-05-26,98,21
2026-05-27,96,19
2026-05-28,98,21
2026-05-29,98,19
2026-05-30,96,16
2026-05-31,97,19
2026-06-01,98,8
2026-06-02,96,5
2026-06-03,97,15
2026-06-04,94,10
2026-06-05,99,18
2026-06-06,91,20
2026-06-07,101,30
2026-06-08,94,17
2026-06-09,98,29
2026-06-10,98,21
2026-06-11,90,13
2026-06-12,94,26
2026-06-13,106,14
2026-06-14,96,20
2026-06-15,95,13
2026-06-16,98,19
2026-06-17,95,28
2026-06-18,95,25
2026-06-19,99,30
2026-06-20,92,26
2026-06-21,94,35
2026-06-22,97,32
2026-06-23,97,28
2026-06-24,98,41
2026-06-25,90,30
2026-06-26,101,28
2026-06-27,94,31
2026-06-28,99,34
2026-06-29,97,20
2026-06-30,96,17
2026-07-01,96,38
2026-07-02,99,23
2026-07-03,102,24
2026-07-04,85,28
2026-07-05,107,26
2026-07-06,95,19
2026-07-07,94,31
2026-07-08,98,30
2026-07-09,92,35
2026-07-10,100,42
2026-07-11,97,42
2026-07-12,97,52
2026-07-13,100,56
2026-07-14,96,58
2026-07-15,94,61
2026-07-16,104,63
2026-07-17,95,48
2026-07-18,90,50
2026-07-19,97,50
2026-07-20,97,37
2026-07-21,102,42
2026-07-22,95,42
2026-07-23,98,44
2026-07-24,94,38
2026-07-25,94,43
2026-07-26,102,49
2026-07-27,97,34
2026-07-28,93,47
2026-07-29,99,49
2026-07-30,93,48
2026-07-31,103,48
2026-08-01,97,51
2026-08-02,91,42
2026-08-03,102,51
2026-08-04,91,50
2026-08-05,91,50
2026-08-06,104,51
2026-08-07,97,47
2026-08-08,98,35
2026-08-09,101,50
2026-08-10,89,27
2026-08-11,97,29
2026-08-12,102,35
2026-08-13,89,25
2026-08-14,103,39
2026-08-15,84,31
2026-08-16,110,39
2026-08-17,96,17
2026-08-18,90,29
2026-08-19,112,24
2026-08-20,94,41
2026-08-21,91,39
2026-08-22,102,57
2026-08-23,97,61
2026-08-24,95,51
2026-08-25,96,37
2026-08-26,97,44
2026-08-27,94,57
2026-08-28,92,49
2026-08-29,101,67
2026-08-30,95,50
2026-08-31,98,55
2026-09-01,95,40
2026-09-02,98,48
2026-09-03,94,45
2026-09-04,95,40
2026-09-05,94,49
2026-09-06,97,53
2026-09-07,100,29
2026-09-08,98,30
2026-09-09,96,42
2026-09-10,93,42
2026-09-11,86,40
2026-09-12,92,36
2026-09-13,91,41
2026-09-14,94,39
2026-09-15,79,33
2026-09-16,79,28
2026-09-17,82,21
2026-09-18,60,14
2026-09-19,60,16
2026-09-20,71,24
2026-09-21,63,16
2026-09-22,63,25
2026-09-23,71,36
2026-09-24,69,30
2026-09-25,76,34
2026-09-26,90,59
2026-09-27,67,28
2026-09-28,52,27
2026-09-29,78,26
