grp,lang,n
IN,Gujarati,326
IN,Urdu,256
IN,Armenian,15
other,Korean,54
other,Vietnamese,45
other,Persian,25
other,Swahili,58
other,Czech,37
other,Georgian,9
US,Hungarian,21
US,Latin,53
other,Afrikaans,27
US,Macedonian,4
US,Laothian,13
US,Slovenian,1
IN,Hausa,2
US,Estonian,11
IN,Amharic,2
US,Volapuk,1
IN,Ukrainian,1
other,Abkhazian,1
IN,Yiddish,1
other,Byelorussian,1
other,German,1036
other,Tamil,207
other,Italian,2295
US,Polish,117
US,Afrikaans,14
US,Serbo-Croatian,61
other,Norwegian,16
IN,Malay,16
US,Danish,29
other,Indonesian,59
IN,Nepali,34
other,Galician,29
IN,Kashmiri,9
IN,Portuguese,24
other,Interlingue,1
US,Irish,5
US,Indonesian,39
IN,Polish,1
US,Yoruba,13
US,Dutch,61
other,Marathi,25
US,Catalan,10
US,Samoan,3
other,Danish,17
IN,Xhosa,2
IN,Macedonian,1
IN,Thai,1
US,Tajik,1
IN,Afar,2
other,Hausa,3
other,Kazakh,1
other,Zulu,1
other,Amharic,2
IN,Pashto,1
IN,Icelandic,1
US,Hausa,1
other,Arabic,340
US,Hebrew,117
IN,Arabic,144
US,Croatian,20
US,Serbian,65
US,Arabic,277
US,Swahili,61
IN,Oriya,59
IN,Chinese,169
IN,Japanese,54
US,Gujarati,86
other,Swedish,49
US,Swedish,53
other,Azerbaijani,7
IN,Norwegian,1
other,Malay,22
US,Punjabi,34
other,Oriya,8
other,Singhalese,17
IN,Cambodian,1
IN,Samoan,2
US,Bashkir,3
other,Frisian,1
US,Tibetan,1
US,Greenlandic,1
IN,Abkhazian,2
US,Bislama,1
US,Tonga,1
IN,Hebrew,2
other,Assamese,1
IN,Corsican,1
US,Portuguese,368
other,Spanish,4250
IN,Tegulu,1345
other,Kannada,36
US,Russian,467
other,Tagalog,125
other,Polish,119
other,Serbian,78
other,Bengali,96
US,Persian,23
US,Amharic,17
other,Punjabi,74
other,Tegulu,36
US,Kurdish,5
US,Cambodian,16
IN,Assamese,29
IN,Tagalog,17
other,Irish,22
US,Aymara,4
IN,Zulu,4
IN,Swahili,4
US,Singhalese,5
IN,Gaelic,1
US,Zulu,15
US,Gaelic,6
US,Afar,5
US,Tatar,2
IN,Basque,2
other,Moldavian,1
other,Twi,1
IN,Albanian,2
IN,Malayalam,2575
other,Urdu,130
US,Japanese,493
other,Greek,115
US,Norwegian,58
IN,Czech,1
IN,German,74
IN,Sanskrit,47
US,Thai,38
US,Turkish,58
other,Interlingua,1
US,Nepali,30
US,Bhutani,1
other,Javanese,14
IN,Afrikaans,3
IN,Finnish,1
US,Icelandic,3
other,Armenian,8
US,Breton,6
US,Sanskrit,2
US,Oriya,2
other,Fiji,1
IN,Latin,2
IN,Sudanese,1
US,English,256119
other,English,22731
US,French,3285
other,Catalan,90
US,Vietnamese,287
US,Hindi,982
US,Bengali,275
US,Romanian,43
other,Croatian,65
other,Turkish,180
IN,Russian,60
US,Malayalam,74
other,Latin,7
other,Icelandic,1
US,Abkhazian,7
IN,Indonesian,7
other,Esperanto,10
US,Esperanto,12
US,Shona,3
US,Latvian,6
IN,Vietnamese,4
US,Sindhi,3
other,Gaelic,4
US,Corsican,5
US,Uzbek,3
IN,Aymara,1
other,Sudanese,1
US,Faeroese,1
IN,English,29734
IN,Hindi,5795
US,Tagalog,271
US,Chinese,2352
US,Tamil,858
other,Romanian,195
other,Yoruba,30
IN,Guarani,5
IN,Esperanto,3
IN,Italian,15
US,Czech,26
US,Slovak,14
US,Finnish,50
US,Urdu,130
other,Albanian,28
US,Twi,2
other,Gujarati,16
US,Sesotho,1
US,Azerbaijani,2
other,Malagasy,1
IN,Georgian,1
IN,Tatar,2
US,Guarani,1
IN,Tajik,2
US,Assamese,2
US,Somali,6
US,German,729
IN,Marathi,535
IN,Bengali,291
other,Malayalam,106
other,Russian,363
other,Macedonian,70
IN,Punjabi,166
other,Japanese,162
US,Greek,80
other,Thai,21
US,Marathi,33
IN,Bihari,37
IN,Dutch,7
other,Hebrew,21
US,Pashto,5
other,Lithuanian,50
IN,Turkish,9
US,Ukrainian,28
US,Nauru,2
US,Byelorussian,4
other,Latvian,7
US,Javanese,4
US,Malagasy,5
other,Pashto,3
other,Cambodian,2
US,Yiddish,4
other,Turkmen,2
US,Basque,3
other,Maltese,2
US,Wolof,1
other,Kashmiri,2
US,Frisian,2
US,Spanish,10089
other,Ukrainian,70
US,Italian,296
other,French,2314
US,Korean,393
IN,French,363
US,Bulgarian,56
IN,Sindhi,30
IN,Danish,1
other,Finnish,31
other,Tibetan,3
other,Shona,10
US,Malay,7
other,Hungarian,22
other,Welsh,13
IN,Korean,12
IN,Tibetan,1
IN,Persian,4
US,Burmese,1
IN,Interlingue,1
US,Quechua,1
other,Laothian,1
IN,Bashkir,2
US,Occitan,1
US,Interlingue,1
US,Lithuanian,4
IN,Interlingua,1
IN,Yoruba,2
IN,Tamil,11290
IN,Kannada,653
other,Portuguese,3895
IN,Spanish,364
other,Hindi,406
other,Chinese,463
US,Tegulu,112
other,Bulgarian,106
other,Estonian,11
other,Serbo-Croatian,55
other,Dutch,211
US,Kannada,51
other,Slovak,21
US,Armenian,111
US,Albanian,35
other,Nepali,23
US,Bihari,5
other,Basque,6
IN,Swedish,3
other,Slovenian,15
other,Somali,1
IN,Burmese,1
other,Mongolian,2
US,Mongolian,4
other,Sindhi,4
other,Kurdish,4
US,Welsh,4
US,Fiji,3
IN,Setswana,1
IN,Azerbaijani,1
US,Sangro,1
IN,Javanese,1
other,Wolof,2
