m,n1,n2,both_m,lp
2015-03-01,524,2817,38,38844.94736842105
2015-04-01,2817,2975,463,18100.5939524838
2015-05-01,2975,2829,443,18998.363431151243
2015-06-01,2829,2769,480,16319.79375
2015-07-01,2769,2968,502,16371.298804780876
2015-08-01,2968,1976,338,17351.384615384617
2015-09-01,1976,1795,239,14840.669456066946
2015-10-01,1795,1357,190,12820.078947368422
2015-11-01,1357,1672,180,12605.022222222222
2015-12-01,1672,2126,228,15590.666666666666
2016-01-01,2126,1690,268,13406.492537313432
2016-02-01,1690,1981,274,12218.576642335767
2016-03-01,1981,1862,319,11563.078369905956
2016-04-01,1862,1934,228,15794.333333333334
2016-05-01,1934,1419,158,17369.278481012658
2016-06-01,1419,2241,217,14654.281105990784
2016-07-01,2241,1755,242,16251.880165289256
2016-08-01,1755,1244,153,14269.411764705883
2016-09-01,1244,1461,137,13266.306569343065
2016-10-01,1461,1285,170,11043.441176470587
2016-11-01,1285,1345,111,15570.495495495496
2016-12-01,1345,1693,215,10591.093023255815
2017-01-01,1693,1481,211,11883.094786729858
2017-02-01,1481,1513,222,10093.481981981982
2017-03-01,1513,1654,241,10383.825726141078
2017-04-01,1654,1345,178,12497.921348314607
2017-05-01,1345,1488,138,14502.608695652174
2017-06-01,1488,1065,120,13206.0
2017-07-01,1065,1565,121,13774.586776859504
2017-08-01,1565,1129,172,10272.587209302326
2017-09-01,1129,1359,134,11450.08208955224
2017-10-01,1359,1368,139,13374.906474820144
2017-11-01,1368,1729,217,10899.870967741936
2017-12-01,1729,1545,202,13224.282178217822
2018-01-01,1545,1714,204,12981.029411764706
2018-02-01,1714,2291,334,11756.808383233532
2018-03-01,2291,2196,442,11382.434389140271
2018-04-01,2196,2187,405,11858.4
2018-05-01,2187,2108,377,12228.636604774536
2018-06-01,2108,2060,346,12550.520231213874
2018-07-01,2060,2181,342,13137.017543859649
2018-08-01,2181,2316,356,14188.752808988764
2018-09-01,2316,2171,383,13128.031331592689
2018-10-01,2171,2292,373,13340.300268096515
2018-11-01,2292,2206,432,11704.055555555555
2018-12-01,2206,2110,357,13038.263305322129
2019-01-01,2110,1259,171,15535.029239766081
2019-02-01,1259,849,126,8483.261904761905
2019-03-01,849,2129,97,18634.23711340206
2019-04-01,2129,2089,336,13236.550595238095
2019-05-01,2089,2117,329,13441.98480243161
2019-06-01,2117,2098,389,11417.650385604113
2019-07-01,2098,2016,341,12403.42521994135
2019-08-01,2016,2089,353,11930.379603399433
2019-09-01,2089,2385,451,11047.150776053215
2019-10-01,2385,550,60,21862.5
2020-01-01,1162,2271,194,13602.58762886598
2020-02-01,2271,2460,378,14779.52380952381
2020-03-01,2460,2274,381,14682.51968503937
2020-04-01,2274,2363,349,15396.739255014327
2020-05-01,2363,1743,254,16215.389763779527
2020-06-01,1743,1744,212,14338.641509433963
2020-07-01,1744,1641,173,16542.79768786127
2020-08-01,1641,1535,155,16251.193548387097
2020-09-01,1535,2120,223,14592.825112107623
2020-10-01,2120,2515,580,9192.758620689656
2020-11-01,2515,2754,722,9593.227146814404
2020-12-01,2754,2774,809,9443.258343634116
2021-01-01,2774,2409,668,10003.84131736527
2021-02-01,2409,2630,787,8050.406607369759
2021-03-01,2630,3189,969,8655.386996904024
2021-04-01,3189,4132,1104,11935.641304347826
2021-05-01,4132,3049,1111,11339.755175517552
2021-06-01,3049,2929,720,12403.50138888889
2021-07-01,2929,2942,601,14337.966722129784
2021-08-01,2942,2750,562,14395.907473309608
2021-09-01,2750,2914,595,13468.067226890757
2021-10-01,2914,2773,636,12705.223270440252
2021-11-01,2773,2780,682,11303.431085043989
2021-12-01,2780,2907,579,13957.616580310882
2022-01-01,2907,2355,401,17072.281795511222
2022-02-01,2355,1998,386,12189.870466321243
2022-03-01,1998,2184,363,12021.02479338843
2022-04-01,2184,2561,480,11652.55
2022-05-01,2561,2791,453,15778.699779249448
2022-06-01,2791,2740,469,16305.628997867803
2022-07-01,2740,2845,483,16139.337474120082
2022-08-01,2845,2602,463,15988.5313174946
2022-09-01,2602,2844,616,12013.12987012987
2022-10-01,2844,2708,615,12522.848780487804
2022-11-01,2708,2942,608,13103.513157894737
2022-12-01,2942,2951,629,13802.610492845786
2023-01-01,2951,2664,593,13257.10623946037
2023-02-01,2664,2958,671,11743.833084947839
2023-03-01,2958,2872,717,11848.502092050208
2023-04-01,2872,2978,755,11328.233112582782
2023-05-01,2978,2838,781,10821.464788732394
2023-06-01,2838,2985,807,10497.434944237919
2023-07-01,2985,2973,777,11421.370656370656
2023-08-01,2973,2816,781,10719.549295774648
2023-09-01,2816,2984,895,9388.764245810056
2023-10-01,2984,2852,899,9466.48275862069
2023-11-01,2852,2997,879,9724.054607508533
2023-12-01,2997,2994,897,10003.364548494983
2024-01-01,2994,2779,755,11020.299337748344
2024-02-01,2779,3001,837,9963.89366786141
2024-03-01,3001,2900,769,11317.165149544864
2024-04-01,2900,2988,785,11038.471337579618
2024-05-01,2988,2891,739,11689.185385656292
2024-06-01,2891,2989,863,10012.976825028969
2024-07-01,2989,2905,925,9387.075675675676
2024-08-01,2905,2779,833,9691.470588235294
2024-09-01,2779,2777,803,9610.564134495642
2024-10-01,2777,2671,673,11021.347696879644
2024-11-01,2671,2800,674,11096.142433234421
2024-12-01,2800,2830,809,9794.808405438813
2025-01-01,2830,2547,565,12757.53982300885
2025-02-01,2547,2881,678,10822.871681415929
2025-03-01,2881,2814,686,11817.979591836734
2025-04-01,2814,2900,561,14546.524064171123
2025-05-01,2900,2762,596,13439.261744966443
2025-06-01,2762,2876,743,10691.133243606999
2025-07-01,2876,2889,682,12182.938416422287
2025-08-01,2889,2813,521,15598.381957773512
2025-09-01,2813,2855,667,12040.652173913044
2025-10-01,2855,2891,643,12836.399688958008
2025-11-01,2891,2896,676,12385.112426035503
2025-12-01,2896,2650,560,13704.285714285714
2026-01-01,2650,2516,589,11319.864176570458
2026-02-01,2516,2697,546,12427.934065934065
2026-03-01,2697,2684,542,13355.623616236162
2026-04-01,2684,2825,515,14722.912621359223
2026-05-01,2825,2859,443,18231.772009029344
2026-06-01,2859,3000,378,22690.47619047619
2026-07-01,3000,2993,544,16505.514705882353
2026-08-01,2993,2381,336,21209.324404761905
