m,n,w,female,us,india,other,married,college
2015-03-01,524,524,0.4637404580152672,0.732824427480916,0.23091603053435114,0.03625954198473282,0.43320610687022904,
2015-04-01,2817,2817,0.501242456514022,0.7717429889953852,0.1906283280085197,0.037628682996095134,0.41498047568335106,
2015-05-01,2975,2975,0.5347899159663866,0.8181512605042017,0.14252100840336135,0.03932773109243697,0.4020168067226891,
2015-06-01,2829,2829,0.5298692117355956,0.8045245669848002,0.15411806291975963,0.041357370095440084,0.40756451042771297,
2015-07-01,2769,2769,0.5164319248826291,0.8067894546767787,0.15167930660888407,0.0415312387143373,0.40772842181292884,
2015-08-01,2968,2968,0.5387466307277629,0.8022237196765498,0.15128032345013476,0.04649595687331536,0.4076819407008086,
2015-09-01,2871,2871,0.5207244862417276,0.8153953326367119,0.13967258794845003,0.04493207941483804,0.42075931731104144,
2015-10-01,2978,2978,0.5167897918065816,0.8223640026863667,0.13599731363331094,0.041638683680322364,0.4220953660174614,
2015-11-01,2840,2839,0.5056338028169014,0.7911971830985915,0.16338028169014085,0.04542253521126761,0.4204225352112676,
2015-12-01,2986,2986,0.5160750167448092,0.8060951105157401,0.15137307434695244,0.04253181513730744,0.412926992632284,
2016-01-01,2976,2975,0.5094086021505376,0.8168682795698925,0.14012096774193547,0.043010752688172046,0.4069220430107527,
2016-02-01,2784,2783,0.5061063218390804,0.7966954022988506,0.1555316091954023,0.04777298850574713,0.43103448275862066,
2016-03-01,2972,2972,0.5074024226110363,0.7937415881561238,0.164535666218035,0.04172274562584118,0.43337819650067294,
2016-04-01,2884,2884,0.5097087378640777,0.8058252427184466,0.13453536754507628,0.059639389736477116,0.4188626907073509,
2016-05-01,2974,2974,0.45696032279757903,0.6392064559515803,0.1355077336919973,0.22528581035642234,0.38063214525891054,
2016-06-01,2884,2884,0.463245492371706,0.6678224687933426,0.15221914008321774,0.17995839112343967,0.37690707350901526,
2016-07-01,2974,2974,0.4784801613987895,0.7044384667114997,0.1859448554135844,0.10961667787491594,0.417955615332885,
2016-08-01,2974,2974,0.5006724949562879,0.67955615332885,0.13853396099529253,0.18190988567585742,0.40652320107599194,
2016-09-01,2887,2887,0.5206096293730517,0.7339799099411154,0.1420159334949775,0.12400415656390718,0.42015933494977487,
2016-10-01,2982,2982,0.5077129443326627,0.7280348759221998,0.15928906773977197,0.11267605633802817,0.4416498993963783,
2016-11-01,2888,2888,0.5045013850415513,0.7247229916897507,0.157202216066482,0.11807479224376731,0.4556786703601108,
2016-12-01,2992,2989,0.49766042780748665,0.7439839572192514,0.16209893048128343,0.09391711229946524,0.4164438502673797,
2017-01-01,2944,2944,0.4935461956521739,0.7333559782608695,0.17866847826086957,0.08797554347826086,0.43716032608695654,
2017-02-01,2682,2682,0.48956002982848623,0.6987322893363161,0.20618941088739745,0.09507829977628636,0.43475018642803875,
2017-03-01,2984,2983,0.4989946380697051,0.6980563002680965,0.217828418230563,0.08411528150134048,0.44939678284182305,
2017-04-01,2897,2897,0.49913703831549877,0.7124611667241975,0.20296858819468416,0.08457024508111839,0.43320676561960647,
2017-05-01,3006,3006,0.49700598802395207,0.7495009980039921,0.17598137059214902,0.07451763140385895,0.4318030605455755,
2017-06-01,2899,2899,0.5067264573991032,0.7688858226974818,0.1507416350465678,0.08037254225595032,0.4235943428768541,0.5407725321888412
2017-07-01,3000,3000,0.49633333333333335,0.746,0.176,0.078,0.44266666666666665,0.547
2017-08-01,3000,3000,0.49166666666666664,0.738,0.18933333333333333,0.07266666666666667,0.41933333333333334,0.5476666666666666
2017-09-01,2897,2897,0.4780807732136693,0.7245426303072143,0.1860545391784605,0.08940283051432517,0.4408008284432171,0.5712806351397998
2017-10-01,2985,2985,0.4814070351758794,0.7306532663316583,0.1812395309882747,0.088107202680067,0.4271356783919598,0.5608040201005026
2017-11-01,2897,2897,0.48912668277528476,0.7252329996548154,0.19502934069727304,0.07973765964791163,0.42319641007939246,0.5750776665516051
2017-12-01,2993,2991,0.49381891079184764,0.7557634480454394,0.17373872368860674,0.0704978282659539,0.41964584029401936,0.5669896424991647
2018-01-01,2976,2976,0.5198252688172043,0.7987231182795699,0.14381720430107528,0.057459677419354836,0.43581989247311825,0.5638440860215054
2018-02-01,2680,2679,0.5093283582089553,0.7727611940298508,0.1664179104477612,0.060820895522388056,0.4388059701492537,0.5604477611940298
2018-03-01,2959,2959,0.483271375464684,0.7113889827644474,0.20479891855356538,0.08381209868198716,0.42041230145319364,0.5809395065900642
2018-04-01,2875,2875,0.4914782608695652,0.7144347826086956,0.19165217391304348,0.09391304347826086,0.41947826086956524,0.5707826086956522
2018-05-01,2975,2975,0.4638655462184874,0.7216806722689075,0.16806722689075632,0.11025210084033614,0.39932773109243697,0.5556302521008404
2018-06-01,2855,2855,0.45989492119089315,0.72784588441331,0.1863397548161121,0.08581436077057793,0.41015761821366026,0.5824868651488616
2018-07-01,2967,2967,0.4775867880013482,0.7381193124368048,0.18301314459049545,0.0788675429726997,0.40714526457701383,0.5945399393326593
2018-08-01,2971,2971,0.4799730730393807,0.7337596768764726,0.1716593739481656,0.09458094917536183,0.4274654998317065,0.591719959609559
2018-09-01,2877,2877,0.4807090719499479,0.7553006604101494,0.14911366006256518,0.09558567952728536,0.4410844629822732,0.5957594716718805
2018-10-01,2978,2978,0.4630624580255205,0.7256548018804567,0.17797179314976494,0.09637340496977838,0.4375419744795164,0.603089321692411
2018-11-01,2837,2836,0.45576313006697217,0.6859358477264716,0.21149101163200565,0.10257314064152273,0.4289742685935848,0.5946422277053225
2018-12-01,2965,2965,0.4536256323777403,0.6691399662731872,0.23946037099494097,0.09139966273187183,0.4050590219224283,0.6
2019-01-01,2963,2963,0.45325683428957136,0.6770165372932838,0.2392845089436382,0.08369895376307797,0.4272696591292609,0.6240296996287547
2019-02-01,1813,1813,0.4627688913403199,0.6629895201323773,0.22614451185879758,0.11086596800882516,0.42195256480970766,0.6183121897407612
2019-03-01,1279,1278,0.3940578577013292,0.5629397967161845,0.35418295543393274,0.08287724784988272,0.4370602032838155,0.6708365910867865
2019-04-01,2887,2886,0.4302043643921025,0.626948389331486,0.2701766539660547,0.1028749567024593,0.4350536889504676,0.6432282646345687
2019-05-01,2965,2965,0.44822934232715006,0.6327150084317033,0.2505902192242833,0.11669477234401349,0.42563237774030355,0.6317032040472176
2019-06-01,2851,2850,0.43283058575938266,0.6678358470712031,0.22097509645738336,0.11118905647141354,0.4209049456331112,0.6292528937215013
2019-07-01,2981,2981,0.4592418651459242,0.6256289835625629,0.2505870513250587,0.1237839651123784,0.41496142234149613,0.6289835625628983
2019-08-01,2975,2974,0.45176470588235296,0.6352941176470588,0.25445378151260506,0.11025210084033614,0.42722689075630255,0.6379831932773109
2019-09-01,2882,2881,0.4535045107564192,0.6363636363636364,0.24670367800138793,0.1169326856349757,0.4333795975017349,0.6374045801526718
2019-10-01,2977,2977,0.44709439032583137,0.6382264024185421,0.24790057104467586,0.113873026536782,0.4188780651662748,0.6281491434329862
2019-11-01,746,746,0.40214477211796246,0.6662198391420912,0.23190348525469168,0.10187667560321716,0.42359249329758714,0.6487935656836461
2020-01-01,1744,1743,0.42775229357798167,0.6639908256880734,0.25745412844036697,0.07855504587155963,0.4598623853211009,0.6915137614678899
2020-02-01,2789,2789,0.44030118321979206,0.7153101470060954,0.16636787378988885,0.11832197920401577,0.4679096450340624,0.6604517748296881
2020-03-01,2967,2967,0.4432086282440175,0.7077856420626896,0.16346477923828784,0.1287495786990226,0.44792719919110213,0.6643073811931244
2020-04-01,2865,2865,0.40663176265270506,0.6614310645724258,0.1424083769633508,0.1961605584642234,0.46212914485165796,0.6684118673647469
2020-05-01,2950,2950,0.39661016949152544,0.6383050847457628,0.1776271186440678,0.1840677966101695,0.47966101694915253,0.704406779661017
2020-06-01,2714,2711,0.38209285187914516,0.6963890935887989,0.16138540899042003,0.14222549742078114,0.530213706705969,0.7336035372144436
2020-07-01,2562,2561,0.3875878220140515,0.7669789227166276,0.11787665886026542,0.11514441842310695,0.6327088212334114,0.8052302888368462
2020-08-01,2783,2776,0.40747394897592526,0.7955443765720446,0.10348544735896514,0.1009701760689903,0.6855910887531441,0.8214157384117858
2020-09-01,2678,2670,0.40141896938013444,0.7550410754294249,0.1262135922330097,0.11874533233756535,0.669529499626587,0.8073188946975355
2020-10-01,2847,2838,0.4309799789251844,0.7277836318932209,0.1327713382507903,0.13944502985598875,0.6111696522655427,0.7646645591851071
2020-11-01,2518,2515,0.4193804606830818,0.7263701350277998,0.14495631453534552,0.12867355043685463,0.5869737887212073,0.7521842732327244
2020-12-01,2759,2754,0.41319318593693366,0.6509604929322218,0.19318593693367161,0.15585357013410656,0.506342877854295,0.6716201522290685
2021-01-01,2782,2774,0.4223580158159597,0.6613946800862689,0.17253774263120059,0.16606757728253055,0.49173256649892166,0.6822429906542056
2021-02-01,2415,2409,0.41904761904761906,0.6128364389233955,0.1979296066252588,0.18923395445134575,0.4832298136645963,0.6687370600414079
2021-03-01,2636,2630,0.4142640364188164,0.580804248861912,0.212443095599393,0.20675265553869498,0.4783763277693475,0.6790591805766313
2021-04-01,3911,3353,0.4216312963436461,0.5891076451035541,0.2252620813091281,0.18563027358731782,0.5400153413449246,0.7064689337765278
2021-05-01,5263,4442,0.4334030020900627,0.66730001900057,0.1744252327569827,0.15827474824244728,0.5445563366901007,0.6927607828234847
2021-06-01,3433,3169,0.42353626565685987,0.6489950480629187,0.19895135450043694,0.15205359743664434,0.5458782406058841,0.7055053888727061
2021-07-01,2931,2929,0.43125213237802795,0.7246673490276356,0.15421357898328217,0.12111907198908223,0.6506311838962812,0.7864210167178437
2021-08-01,2952,2942,0.43733062330623307,0.7676151761517616,0.1155149051490515,0.11686991869918699,0.6670054200542005,0.7926829268292683
2021-09-01,2796,2750,0.44241773962804004,0.7882689556509299,0.11552217453505007,0.09620886981402003,0.7049356223175965,0.8115164520743919
2021-10-01,2966,2914,0.447403910991234,0.7747808496291302,0.13081591368846932,0.09440323668240054,0.706001348617667,0.8088334457181389
2021-11-01,2824,2773,0.4274079320113314,0.7609773371104815,0.12960339943342777,0.10941926345609065,0.6561614730878187,0.7776203966005666
2021-12-01,2899,2780,0.4304932735426009,0.7650914108313212,0.14832700931355638,0.08658157985512245,0.6961021041738531,0.8013107968264919
2022-01-01,2959,2907,0.45826292666441365,0.7854004731328151,0.1061169313957418,0.10848259547144305,0.7218654950996959,0.8154782020953024
2022-02-01,2415,2355,0.46418219461697724,0.7515527950310559,0.08778467908902692,0.1606625258799172,0.7685300207039337,0.8455486542443064
2022-03-01,2025,1998,0.4582716049382716,0.7609876543209877,0.0819753086419753,0.15703703703703703,0.7698765432098765,0.8637037037037038
2022-04-01,2191,2184,0.48836147877681424,0.8512094933820173,0.07028753993610223,0.07850296668188042,0.7863989046097672,0.8849840255591054
2022-05-01,2578,2561,0.5263770364623739,0.8564778898370831,0.07137315748642359,0.0721489526764934,0.7769588828549263,0.8964313421256789
2022-06-01,2827,2791,0.5787053413512557,0.8832684824902723,0.05907322249734701,0.057658295012380616,0.7513264945171559,0.8850371418464804
2022-07-01,2772,2740,0.5468975468975469,0.9199134199134199,0.04329004329004329,0.0367965367965368,0.8037518037518038,0.8827561327561327
2022-08-01,2953,2845,0.48797832712495764,0.9095834744327802,0.04944124619031493,0.040975279376904844,0.7968167964781578,0.8865560447003048
2022-09-01,2671,2602,0.5073006364657432,0.8944215649569449,0.054286783976038935,0.0512916510670161,0.8307749906402097,0.8944215649569449
2022-10-01,2933,2844,0.4630071599045346,0.9086259802250256,0.049096488237299694,0.04227753153767474,0.8094101602454824,0.8475963177633822
2022-11-01,2785,2708,0.47827648114901256,0.9138240574506283,0.05745062836624776,0.02872531418312388,0.8197486535008977,0.8757630161579892
2022-12-01,2961,2942,0.4758527524484971,0.9317798041202296,0.04221546774738264,0.026004728132387706,0.8071597433299561,0.8429584599797366
2023-01-01,2979,2951,0.4759986572675394,0.9103726082578046,0.03793219201074186,0.051695199731453506,0.8140315542128231,0.8298086606243706
2023-02-01,2697,2664,0.46421950315165,0.9032258064516129,0.04375231738969225,0.053021876158694844,0.8120133481646273,0.8346310715609937
2023-03-01,2986,2958,0.4390488948425988,0.9293369055592766,0.03583389149363697,0.034829202947086406,0.8345612860013396,0.833556597454789
2023-04-01,2888,2872,0.4667590027700831,0.9231301939058172,0.037049861495844875,0.03981994459833795,0.8507617728531855,0.8355263157894737
2023-05-01,2998,2978,0.4492995330220147,0.923282188125417,0.029686457638425617,0.04703135423615744,0.8652434956637759,0.8352234823215477
2023-06-01,2885,2838,0.4752166377816291,0.9220103986135182,0.03743500866551126,0.04055459272097054,0.868630849220104,0.8419410745233968
2023-07-01,3008,2985,0.4498005319148936,0.9069148936170213,0.034574468085106384,0.05851063829787234,0.8600398936170213,0.8513962765957447
2023-08-01,2996,2973,0.4098798397863818,0.9145527369826435,0.030040053404539385,0.05540720961281709,0.8651535380507344,0.8367823765020027
2023-09-01,2904,2816,0.4321625344352617,0.9259641873278237,0.027548209366391185,0.04648760330578512,0.8829201101928374,0.8350550964187328
2023-10-01,3014,2984,0.3759124087591241,0.9243530192435302,0.03550099535500995,0.040145985401459854,0.8842070338420703,0.8437292634372926
2023-11-01,2901,2852,0.3981385729058945,0.9438124784557049,0.028955532574974147,0.027231988969320924,0.8665977249224406,0.8679765598069631
2023-12-01,3012,2997,0.39209827357237714,0.9229747675962815,0.03652058432934927,0.04050464807436919,0.9027224435590969,0.8446215139442231
2024-01-01,3021,2994,0.37868255544521684,0.9149288315127442,0.027805362462760674,0.0572658060244952,0.8801721284342933,0.8771929824561403
2024-02-01,2801,2779,0.35166012138521957,0.9503748661192432,0.02570510531952874,0.023920028561228133,0.9021777936451267,0.873616565512317
2024-03-01,3010,3001,0.3036544850498339,0.9538205980066445,0.02724252491694352,0.01893687707641196,0.8966777408637874,0.8498338870431894
2024-04-01,2911,2900,0.30642390930951563,0.960838199931295,0.018893850910340088,0.02026794915836482,0.887667468223978,0.8948814840261079
2024-05-01,2998,2988,0.28785857238158774,0.9529686457638425,0.02068045363575717,0.026350900600400268,0.8925950633755837,0.85657104736491
2024-06-01,2900,2891,0.28,0.95,0.02413793103448276,0.02586206896551724,0.8913793103448275,0.9144827586206896
2024-07-01,3016,2989,0.29973474801061006,0.9399867374005305,0.022877984084880638,0.03713527851458886,0.9038461538461539,0.9171087533156499
2024-08-01,3006,2905,0.27012641383898867,0.9391217564870259,0.027278775781769793,0.03359946773120426,0.9035262807717898,0.8898868928809048
2024-09-01,2906,2779,0.2673778389538885,0.9501032346868548,0.022711631108052306,0.02718513420509291,0.9222298692360633,0.8750860289057123
2024-10-01,2994,2777,0.27488309953239815,0.9428857715430862,0.024716098864395457,0.03239812959251837,0.9168336673346693,0.9121576486305946
2024-11-01,2929,2671,0.2792762034824172,0.9296688289518606,0.02867872994195971,0.041652441106179584,0.9112325025606008,0.8613861386138614
2024-12-01,3002,2800,0.2931379080612925,0.9586942038640907,0.01798800799467022,0.023317788141239172,0.8700866089273818,0.8990672884743505
2025-01-01,3005,2830,0.2935108153078203,0.9667221297836939,0.008985024958402662,0.024292845257903494,0.9101497504159733,0.9008319467554077
2025-02-01,2717,2547,0.33713654766286344,0.9477364740522636,0.013986013986013986,0.03827751196172249,0.9157158630842841,0.8873757821126242
2025-03-01,3002,2881,0.37908061292471684,0.95236508994004,0.007661558960692871,0.039973351099267154,0.9043970686209194,0.9170552964690206
2025-04-01,2896,2814,0.30939226519337015,0.9330110497237569,0.013466850828729282,0.053522099447513814,0.898135359116022,0.9098756906077348
2025-05-01,3024,2900,0.3353174603174603,0.9371693121693122,0.01025132275132275,0.05257936507936508,0.8759920634920635,0.9077380952380952
2025-06-01,2905,2762,0.38450946643717726,0.9056798623063683,0.006196213425129088,0.08812392426850259,0.8884681583476765,0.9228915662650602
2025-07-01,3000,2876,0.40066666666666667,0.9503333333333334,0.004666666666666667,0.045,0.9016666666666666,0.9266666666666666
2025-08-01,2998,2889,0.4059372915276851,0.95263509006004,0.003002001334222815,0.04436290860573716,0.8942628418945964,0.956971314209473
2025-09-01,2894,2813,0.37871458189357293,0.9436765722183829,0.0031098825155494126,0.053213545266067724,0.9260539046302695,0.95922598479613
2025-10-01,2952,2855,0.3624661246612466,0.9600271002710027,0.003048780487804878,0.03692411924119241,0.9275067750677507,0.9708672086720868
2025-11-01,3088,2891,0.3866580310880829,0.9514248704663213,0.0019430051813471502,0.046632124352331605,0.9530440414507773,0.9682642487046632
2025-12-01,2948,2896,0.36261872455902305,0.9691316146540027,0.0020352781546811396,0.028833107191316147,0.9569199457259159,0.9704884667571235
2026-01-01,2872,2650,0.44672701949860727,0.9763231197771588,0.001392757660167131,0.022284122562674095,0.9568245125348189,0.9724930362116991
2026-02-01,2679,2516,0.47667039940276223,0.9675251959686451,0.0033594624860022394,0.029115341545352745,0.9525942515864129,0.9764837625979843
2026-03-01,2849,2697,0.5777465777465778,0.9796419796419796,0.004212004212004212,0.016146016146016146,0.9603369603369604,0.9803439803439803
2026-04-01,2889,2684,0.6244375216337833,0.9885773624091381,0.0017307026652821046,0.009691934925579786,0.9556940117687781,0.9723087573554863
2026-05-01,2998,2825,0.5703802535023349,0.9609739826551034,0.02134756504336224,0.017678452301534357,0.956971314209473,0.980653769179453
2026-06-01,2889,2859,0.5687088958116996,0.9775008653513326,0.006922810661128418,0.01557632398753894,0.9691934925579785,0.9754240221529941
2026-07-01,3005,3000,0.6246256239600666,0.984026622296173,0.008985024958402662,0.006988352745424293,0.9540765391014975,0.9663893510815308
2026-08-01,2996,2993,0.520694259012016,0.9769692923898531,0.014686248331108143,0.008344459279038718,0.9108811748998665,0.9699599465954606
2026-09-01,2427,2425,0.6205191594561187,0.9447878038730944,0.03337453646477132,0.021837659662134322,0.9130613926658426,0.9348990523279769
