gap,2015–2019,2020–2022,2023–2026
2,0.24051818180263762,0.2072202166064982,0.2697859318967062
3,0.2181500872600349,0.17032613772208074,0.22352523098791754
4,0.20116751503300595,0.14381270903010032,0.20166803048765236
5,0.19110037944118663,0.1293879949291143,0.17486910994764399
6,0.18104840262649058,0.12013473053892215,0.1506637196327535
7,0.17005864091065884,0.12064163308119832,0.14567474048442908
8,0.16170010954658404,0.12095933263816476,0.12777806136400927
9,0.15477421578765943,0.12002906134815941,0.1162046908315565
10,0.14724163463039652,0.11546252532072923,0.1099784664267091
11,0.1424629182476716,0.10479854026759883,0.10348395998620213
12,0.1392655113585346,0.08924395946999221,0.08853851881271796
13,0.13363415480735855,0.08234786974122561,0.08237347294938918
14,0.12625427627744223,0.07675276752767528,0.07588400135955467
15,0.12517385257301808,0.0754564007917316,0.06467148262813897
16,0.11791138697337682,0.06998502994011976,0.061767277618967546
17,0.1150904033379694,0.06584563633083679,0.06128133704735376
18,0.10871835743319438,0.059880239520958084,0.06009825514342955
19,0.10617626648161,0.05849391848595671,0.053001053001053004
20,0.10167615512705783,0.05263157894736842,0.04782318810976843
21,0.09508881922675026,0.04779700514580596,0.041884816753926704
22,0.0941164525631834,0.045112781954887216,0.038542547727062816
23,0.09176225234619395,0.0436808574144691,0.035789473684210524
24,0.08627654445060867,0.0407942238267148,0.033469652451294296
25,0.08537005163511188,0.04034965971948346,0.029339853300733496
26,0.07929894850586086,0.038018835019183815,0.027923211169284468
27,0.07975249226538329,0.03402943477089126,0.025937609533824044
28,0.07399698907508456,0.032971150243536904,0.022592498656376626
29,0.07072829131652661,0.03276155011282085,0.018947368421052633
30,0.06908712467714972,0.03224472922695329,0.01837550647960654
31,0.06594932315168345,0.027675489284490838,0.01624049758120249
32,0.0639114930260232,0.03081232492997199,0.01330076932171173
33,0.0593543908365151,0.03199579943296944,0.013162452372705231
34,0.057406301179837096,0.031977754605491834,0.010391409767925183
35,0.056293706293706294,0.03260669315878951,0.011046543804305716
36,0.05341689486070138,0.04745529573590096,0.009937043856610699
37,0.05345366192294342,,0.009773123909249564
38,0.04969895086301581,,0.009790209790209791
39,0.04922644163150492,,0.006985679357317499
40,0.04770582638865811,,0.007859810346721341
41,0.04692387904066736,,0.007488456113807001
42,0.0453675452042445,,0.0076990906585836325
43,0.04430379746835443,,
44,0.03911604041467953,,
45,0.040958000694203404,,
46,0.03806664596749351,,
47,0.03568904593639576,,
48,0.03385342912281271,,
49,0.03568904593639576,,
50,0.034531878936856664,,
51,0.03356956359567326,,
52,0.03323551546480072,,
53,0.027478260869565216,,
54,0.02623969238853632,,
55,0.01641178664677359,,
56,0.014092148532445515,,
57,0.018782608695652174,,
58,0.019869942196531792,,
