k,observed,equal
1,94576,43361.856847125615
2,25601,47795.5118320828
3,12121,34868.991705864304
4,6874,18940.629368224734
5,4471,8170.671510311893
6,3001,2915.6454370521537
7,2167,885.1887968336158
8,1602,233.39524483006676
9,1217,54.28975304140944
10,889,11.279337779420942
11,779,2.114115500847322
12,635,0.3604388667493567
13,476,0.05628500042495268
14,361,0.00809772081980385
15,341,0.001078789042673926
16,251,0.00013366601414669706
17,196,1.5462802269680948e-05
18,171,1.6757732343093087e-06
19,163,1.7065378300935711e-07
20,147,1.637441282719775e-08
21,107,1.4839597706754012e-09
22,103,1.2730364801870687e-10
23,90,1.0358323279916724e-11
24,63,8.008635389603241e-13
25,64,5.89346818332775e-14
26,56,4.134184710231875e-15
27,63,2.7683780965753983e-16
28,47,1.7719042808666313e-17
29,38,1.0853122949987976e-18
30,47,6.368701408732077e-20
31,37,3.584068652611367e-21
32,41,1.9361869132022042e-22
33,36,1.0049663883599333e-23
34,21,5.015922737388875e-25
35,26,2.409256836159967e-26
36,24,1.114459624261224e-27
37,21,4.9681007569475554e-29
38,32,2.1356912285453156e-30
39,21,8.85866889264294e-32
40,15,3.5475154272636876e-33
41,19,1.3722551737428993e-34
42,24,5.12997468337112e-36
43,19,1.8542457094632376e-37
44,7,6.48307105232709e-39
45,16,2.193481325945294e-40
46,9,7.184460408146658e-42
47,14,2.278864968334303e-43
48,18,7.002526230014425e-45
49,4,2.0851674285656136e-46
50,9,6.018756329453652e-48
51,6,1.684509774397306e-49
52,5,4.5725097388270906e-51
53,6,1.2040814964560882e-52
54,10,3.0766338650414726e-54
55,7,7.629674646175281e-56
56,3,1.8366709550304593e-57
57,10,4.292696945173754e-59
58,3,9.742597684498575e-61
59,4,2.147489507136402e-62
60,4,4.5978972289098905e-64
61,2,9.563433725984155e-66
62,4,1.9326076538424705e-67
63,2,3.794828811458393e-69
64,5,7.240980554666744e-71
65,2,1.342740404941754e-72
66,1,2.4199356987763525e-74
67,3,4.2389196467230835e-76
68,2,7.217114115804993e-78
69,1,1.1943769648216154e-79
70,1,1.9213043602236204e-81
71,1,3.0042100902018235e-83
72,4,4.5660570723829203e-85
73,1,6.745619323471407e-87
74,1,9.686332050399216e-89
75,0,1.3518747786212815e-90
76,4,1.8337100736514274e-92
77,3,2.417209878583261e-94
78,1,3.0963835248384365e-96
79,0,3.854018428999113e-98
80,1,4.660667018284953e-100
81,0,5.475310443015016e-102
82,1,6.248004709245352e-104
83,2,6.924456481782048e-106
84,1,7.452048978135234e-108
85,0,7.786445401967273e-110
86,0,7.897650700982512e-112
87,0,7.774399785932437e-114
88,1,7.425992529849594e-116
89,2,6.881169976826067e-118
90,1,6.184212343457019e-120
91,0,5.388990848481775e-122
92,0,4.5520826587116436e-124
93,0,3.726171752448761e-126
94,0,2.9547947202215114e-128
95,0,2.269112255911445e-130
96,1,1.686909185584619e-132
97,0,1.2135762988394079e-134
98,0,8.445082698810625e-137
99,0,5.6821467177535136e-139
100,1,3.694798349080236e-141
101,0,2.3207256333877163e-143
102,0,1.4072869983141842e-145
103,0,8.234239373898524e-148
104,1,4.6460760420722015e-150
105,0,2.526352551640019e-152
106,1,1.3229717663850752e-154
107,0,6.667148925223169e-157
108,0,3.230909410987618e-159
109,1,1.5043285660935976e-161
