span_bucket,w
0,94915
1,9889
2,5514
3,4488
4,3734
5,2960
6,2536
7,2285
8,2076
9,1883
10,1738
11,1538
12,1477
13,1228
14,1183
15,1115
16,1051
17,925
18,910
19,830
20,811
21,680
22,688
23,684
24,697
25,595
26,565
27,530
28,451
29,421
30,444
31,382
32,370
33,301
34,337
35,325
36,320
37,272
38,251
39,233
40,223
41,224
42,209
43,162
44,171
45,181
46,169
47,171
48,177
49,154
50,125
51,143
52,129
53,125
54,114
55,118
56,112
57,124
58,104
59,124
60,115
61,131
62,114
63,89
64,109
65,81
66,89
67,93
68,94
69,92
70,117
71,84
72,103
73,99
74,98
75,84
76,68
77,55
78,57
79,68
80,56
81,61
82,48
83,37
84,27
85,32
86,27
87,21
88,37
89,17
90,13
91,25
92,22
93,18
94,12
95,14
96,9
97,16
98,10
99,11
100,9
101,16
102,10
103,7
104,5
105,6
106,3
107,4
108,11
109,4
110,8
111,10
112,9
113,8
114,9
115,10
116,11
117,4
118,1
119,4
120,3
121,4
122,5
123,4
124,3
125,2
126,3
127,4
128,1
129,2
130,1
131,2
132,2
133,1
134,1
135,1
136,1
137,1
138,1
139,3
140,2
