cnt_tasks,cnt_workers
1,93807
2,25679
3,12164
4,6890
5,4562
6,3117
7,2252
8,1656
9,1260
10,926
11,828
12,638
13,506
14,385
15,354
16,278
17,211
18,180
19,168
20,153
21,107
22,107
23,97
24,63
25,67
26,55
27,61
28,45
29,48
30,41
31,43
32,36
33,35
34,23
35,35
36,24
37,19
38,27
39,25
40,17
41,22
42,23
43,19
44,11
45,14
46,9
47,10
48,16
49,15
50,6
51,8
52,7
53,6
54,7
55,12
56,5
57,8
58,5
59,4
60,3
61,3
62,5
63,4
64,4
65,2
66,1
67,2
68,1
69,3
70,2
71,1
72,4
73,1
74,1
76,4
77,3
79,1
80,1
83,2
84,1
86,1
89,2
90,1
91,1
96,1
100,1
104,1
106,1
109,1
