y,year_of_birth,n
2026,1999,1054
2026,1998,797
2026,1997,2237
2026,2004,88
2026,1970,40
2026,1966,36
2026,1953,5
2026,2002,371
2026,2005,67
2026,1919,27
2026,1920,94
2026,1926,25
2026,1923,47
2026,1924,50
2026,1962,17
2026,1950,5
2026,1976,43
2026,1937,6
2026,1922,57
2026,1949,12
2026,1947,7
2026,1933,7
2026,1952,9
2026,1942,4
2026,1931,4
2026,1955,13
2026,1930,7
2026,1910,12
2015,1949,46
2016,1993,680
2016,1992,739
2016,1984,906
2016,1975,343
2016,1994,539
2016,1977,457
2016,1989,940
2017,1976,340
2015,1970,349
2016,1978,482
2016,1972,291
2017,1962,175
2016,1974,336
2017,1970,268
2015,1966,208
2015,1976,458
2015,1947,32
2015,1997,60
2017,1966,182
2015,1955,115
2016,1957,126
2015,1910,1
2015,1962,210
2015,1952,79
2015,1950,60
2017,1997,243
2017,1952,80
2017,1949,36
2017,1942,13
2016,1959,141
2015,1942,6
2015,1998,7
2015,1953,51
2015,1937,7
2016,1956,134
2017,1998,143
2017,1955,62
2015,1923,1
2017,1999,44
2017,1953,54
2016,2003,1
2016,1943,14
2017,1950,37
2016,1946,18
2016,1944,12
2017,1947,24
2016,1918,1
2017,1923,1
2015,2005,1
2016,1945,12
2017,1937,3
2016,1938,3
2015,1926,1
2016,1914,1
2017,1926,4
2017,1920,1
2015,1999,1
2016,1934,1
2016,1927,1
2018,1991,1286
2024,1990,8510
2023,2001,180
2023,1990,3243
2024,1982,399
2023,1980,747
2025,1991,2616
2022,1996,1825
2022,1982,640
2021,1982,897
2022,1995,3113
2023,1965,199
2025,1985,881
2018,1983,864
2021,2000,425
2022,2000,278
2025,1983,431
2022,1990,1660
2018,1987,1127
2024,1971,153
2025,1986,817
2023,1973,267
2023,2000,316
2024,1995,1288
2024,1980,495
2024,2000,348
2022,1980,840
2024,1996,776
2024,1917,49
2025,1961,67
2023,1911,19
2020,1961,173
2025,1988,1682
2025,1967,114
2022,1973,341
2021,1990,2249
2023,1996,1243
2023,1995,1670
2024,1965,87
2021,1996,1871
2025,1964,73
2020,1963,190
2022,1954,54
2021,1973,499
2025,1987,1577
2023,1982,484
2025,1963,77
2020,1983,674
2025,2006,26
2018,1963,176
2021,1971,502
2025,1969,102
2025,1921,35
2025,1981,216
2025,1968,81
2020,1991,1066
2022,1911,13
2025,1979,132
2022,1958,118
2018,1988,1136
2018,1979,461
2020,1985,980
2022,1971,293
2018,1981,707
2019,1997,474
2022,1965,264
2021,1995,1655
2021,2001,229
2024,2001,115
2018,1985,1063
2021,1980,1090
2021,1965,307
2022,1939,1
2020,1987,1005
2022,2001,121
2020,1988,972
2018,1986,962
2020,1979,402
2024,1928,33
2022,1928,9
2023,1971,248
2023,1954,41
2019,1955,57
2020,1986,748
2020,1969,208
2025,1912,32
2020,1925,7
2018,1961,171
2019,1970,193
2018,1968,231
2025,1925,13
2019,1999,289
2024,1939,4
2019,1998,349
2020,1981,522
2018,1969,206
2019,1976,222
2018,1964,173
2024,1935,3
2024,1958,62
2024,1973,123
2021,1958,184
2019,1966,144
2019,1962,113
2022,1951,17
2020,1968,194
2019,1952,36
2018,1967,199
2020,1967,205
2020,1964,135
2018,1960,113
2019,1919,8
2019,1950,34
2021,1951,71
2020,1912,4
2019,1920,12
2019,1922,15
2019,1924,8
2020,2006,2
2018,1912,5
2018,2006,1
2018,1925,3
2025,1960,56
2020,1960,146
2021,1939,3
2020,1921,9
2019,1953,52
2024,1954,24
2018,1940,10
2019,1947,4
2018,1948,35
2025,2008,6
2019,1949,26
2021,1954,110
2024,1911,8
2023,1939,4
2023,1917,26
2024,1941,2
2022,1935,7
2023,1958,84
2025,1940,7
2023,1928,8
2022,1941,2
2023,1951,5
2017,1922,1
2023,1935,2
2024,1932,2
2019,1933,2
2024,1951,6
2019,1910,5
2021,1935,2
2021,1932,4
2020,1948,29
2025,1948,5
2025,2010,2
2022,1932,4
2020,1936,2
2021,1911,3
2021,1941,2
2017,2004,1
2023,1932,3
2021,1917,5
2022,1917,9
2020,1940,3
2019,1923,2
2018,1936,2
2021,1928,3
2019,1937,2
2025,1936,1
2025,1929,2
2018,1921,2
2019,1931,2
2019,2002,5
2020,1929,2
2023,1941,2
2019,1942,1
2019,1926,1
2026,1979,118
2026,1991,1803
2026,1961,21
2026,1968,27
2026,1987,638
2026,1964,36
2026,1986,422
2026,1988,696
2026,1960,21
2026,1967,33
2026,1921,53
2026,1985,361
2026,1981,178
2026,1925,33
2026,1929,4
2026,1963,22
2026,1983,245
2026,2006,16
2026,1936,7
2026,1948,9
2026,1969,30
2026,1940,4
2026,1912,5
2026,2008,3
2017,1987,740
2015,1991,980
2015,1986,1025
2016,1995,430
2016,1990,929
2017,1969,170
2016,1996,279
2016,1982,882
2015,1985,1053
2017,1985,803
2017,1986,786
2016,1971,326
2015,1983,842
2017,1991,765
2015,1987,1128
2015,1979,560
2016,1958,147
2015,1963,190
2015,1988,1023
2015,1964,180
2017,1988,736
2015,1981,762
2017,1968,222
2017,1983,644
2015,1961,180
2016,1980,693
2016,1951,76
2017,1981,548
2017,1964,146
2016,1965,197
2017,1979,400
2015,1967,248
2015,1960,161
2015,1969,226
2015,1968,255
2016,1973,311
2016,1941,8
2017,1963,153
2015,1948,37
2017,1967,170
2016,1954,84
2017,1912,1
2015,1936,1
2017,1961,125
2017,1960,96
2015,2006,1
2017,1940,3
2015,1940,9
2017,1929,1
2015,1921,1
2017,1948,16
2016,1935,1
2016,2001,1
2016,2000,3
2016,1939,1
2025,2002,211
2022,1984,752
2022,1972,614
2023,1993,1862
2024,1975,305
2022,1992,1636
2025,1910,62
2022,1994,1095
2021,1994,1279
2023,1989,912
2022,1956,120
2023,1992,2148
2019,1983,581
2022,1959,145
2020,1998,493
2024,1989,836
2024,1992,2182
2025,1997,953
2018,1997,520
2022,1993,818
2022,1975,384
2021,1993,1060
2025,1999,2220
2025,1998,1831
2023,1994,1042
2021,1972,593
2018,1999,217
2025,2004,92
2024,1972,390
2023,1972,811
2025,1920,61
2024,1974,198
2023,1957,67
2018,1998,351
2025,1976,167
2020,1970,337
2025,1966,94
2024,1993,1356
2021,1974,483
2025,1962,68
2021,1977,570
2021,1992,1365
2023,1974,317
2024,1957,45
2025,1970,160
2024,1994,1437
2024,1956,39
2022,1974,361
2023,1913,14
2022,1927,11
2024,1984,571
2024,1977,159
2022,1989,1001
2023,1977,231
2020,1999,392
2020,1976,345
2025,1952,6
2022,1977,426
2023,1978,458
2020,1997,688
2021,1984,1136
2018,1920,4
2023,1975,346
2025,1922,34
2025,2009,4
2019,1986,643
2021,1989,1694
2019,1987,831
2023,1984,653
2022,1913,3
2023,2003,31
2022,1978,501
2024,2003,60
2025,1953,9
2025,1919,31
2018,1970,280
2019,1968,143
2025,1955,25
2024,1978,201
2023,1959,149
2023,1944,18
2025,1926,5
2021,1978,663
2023,1945,11
2021,2003,40
2020,1962,162
2023,1915,11
2025,1923,23
2024,1959,61
2020,1966,231
2019,1979,330
2021,1918,4
2018,1962,202
2025,1950,18
2024,1913,17
2021,1975,630
2019,1981,440
2019,1985,697
2019,1961,113
2019,1969,147
2024,1914,28
2024,1943,8
2025,2005,66
2024,1916,24
2023,1916,9
2024,1927,32
2024,1945,24
2022,1957,97
2019,1988,753
2018,1966,219
2019,1963,122
2019,1991,1230
2018,1976,391
2018,1947,23
2020,1910,14
2018,1950,45
2019,1940,3
2018,1955,63
2018,1952,77
2020,1953,85
2021,1945,25
2020,1955,104
2021,1957,159
2018,1949,51
2022,2003,25
2019,1967,145
2019,1964,100
2020,1933,5
2020,2004,3
2020,1922,7
2019,1925,6
2018,1953,71
2020,2002,58
2020,1950,46
2021,1959,195
2019,1948,31
2018,1942,10
2021,1944,7
2021,1946,13
2020,1952,46
2020,1924,9
2020,1947,15
2018,1910,3
2019,1960,73
2019,1921,4
2018,1926,5
2019,2010,2
2019,1936,1
2021,1916,5
2022,1914,4
2024,1938,3
2021,1956,164
2020,1949,12
2018,1923,2
2018,2005,1
2022,1944,2
2020,1930,2
2024,1944,7
2023,1956,56
2023,1946,8
2025,1924,14
2024,1918,32
2024,2007,7
2023,1943,6
2023,1927,21
2023,1918,26
2025,1949,8
2022,1945,12
2023,1914,12
2022,1916,3
2024,1915,19
2020,1919,4
2024,1946,15
2019,2008,1
2021,1913,5
2018,1919,2
2018,1924,7
2021,1914,6
2020,1920,6
2021,1934,2
2023,1938,3
2024,1934,2
2021,1915,3
2022,1943,8
2020,1937,2
2018,1922,7
2020,2005,3
2025,1930,3
2022,1915,4
2019,1912,2
2021,1927,4
2018,1930,1
2021,1943,17
2018,1933,1
2020,1926,4
2020,2009,1
2025,1933,1
2022,1946,3
2022,1918,7
2025,1947,8
2018,1937,3
2022,2007,1
2022,1934,2
2020,1923,1
2020,1942,1
2018,2009,1
2018,1931,2
2017,1921,2
2017,2010,1
2021,1938,2
2017,2006,1
2025,1931,1
2023,1934,1
2026,2010,1
2022,1938,1
2025,1942,1
2026,1996,1227
2026,2000,1511
2026,1995,1609
2026,1990,3980
2026,2001,630
2026,1965,37
2026,1980,117
2026,1958,16
2026,1954,5
2026,1973,32
2026,1982,89
2026,1917,19
2026,1971,44
2026,1939,7
2026,1911,5
2026,1928,9
2026,1941,6
2026,1935,3
2026,1932,3
2026,1951,3
2015,1996,252
2015,1958,125
2015,1990,1020
2017,1980,559
2016,1976,409
2015,1982,849
2015,1980,675
2015,1995,437
2015,1965,231
2016,1997,192
2015,1971,356
2017,1990,861
2015,1973,349
2016,1947,26
2016,1970,308
2017,1951,66
2016,1966,192
2017,1973,258
2016,1962,186
2017,1958,95
2016,1942,14
2017,1982,712
2016,1998,76
2017,1996,298
2017,1965,180
2017,1971,226
2016,1950,52
2017,1928,5
2017,1995,449
2015,1951,86
2016,1953,63
2016,1955,99
2016,1999,7
2016,1949,35
2017,1954,58
2015,2000,1
2015,1941,8
2017,1941,5
2015,1954,95
2016,1952,89
2016,1937,1
2016,1922,1
2017,2000,3
2015,1935,1
2015,1928,1
2016,1924,1
2017,1935,2
2015,1939,1
2017,2001,1
2017,1939,8
2018,1994,1137
2018,1984,975
2023,1986,927
2024,1991,2308
2025,1992,1855
2024,1988,2758
2020,1956,91
2025,1977,176
2023,1983,499
2020,1989,1066
2023,1961,170
2022,1988,847
2023,1985,1366
2022,1960,172
2025,1989,1813
2024,1987,1454
2025,1975,188
2021,1979,657
2020,1992,1231
2022,1986,674
2023,1987,1568
2025,1978,190
2024,1986,528
2025,1972,279
2022,1987,946
2023,1964,195
2022,1969,344
2024,1967,81
2023,1991,1042
2021,1968,277
2021,1991,1647
2021,1988,1529
2018,1989,1186
2025,1956,23
2020,1977,370
2022,1985,997
2024,1969,161
2022,1964,211
2023,1988,1776
2018,1974,335
2023,1963,192
2024,1985,848
2025,1994,1349
2019,1982,555
2020,1978,418
2018,1992,1126
2025,1913,16
2025,1974,146
2022,1963,254
2022,1991,1161
2020,1984,791
2025,2003,166
2020,1994,1072
2020,1974,342
2022,1981,527
2023,1967,154
2024,1964,85
2025,1993,1098
2022,1983,513
2018,1972,334
2024,1981,276
2024,1983,317
2023,1979,391
2021,1987,1451
2023,1960,112
2025,1984,501
2025,1957,31
2025,1959,32
2018,1957,72
2024,1979,189
2024,1961,69
2024,1968,104
2022,1967,275
2018,1993,1153
2021,1983,1025
2022,1961,222
2021,1986,1410
2022,1968,235
2019,1980,441
2021,1981,968
2018,1977,418
2019,1911,5
2023,1981,431
2023,1968,171
2024,1925,34
2021,1985,1536
2023,1921,36
2020,1993,820
2019,2000,179
2019,1995,880
2023,1912,13
2018,1978,520
2021,1969,341
2022,1979,410
2024,1960,55
2024,1963,106
2023,1969,250
2021,1964,281
2025,1915,9
2025,1914,9
2023,2006,8
2025,2007,15
2022,1940,7
2019,1954,44
2018,1975,404
2024,1921,30
2025,1916,15
2021,1967,352
2020,1972,388
2018,1943,20
2019,1951,23
2019,1971,228
2018,1945,22
2019,1965,127
2018,1956,97
2021,1961,243
2019,1996,754
2019,1990,1289
2024,1912,21
2020,1975,334
2019,1928,3
2019,1973,214
2020,1959,140
2021,1960,182
2019,1958,65
2019,2001,52
2022,1912,5
2018,1934,6
2018,1913,7
2021,1929,3
2021,1963,302
2020,1943,17
2020,1914,2
2020,1957,107
2021,1925,8
2018,1959,135
2020,1946,14
2025,1918,21
2022,1921,11
2024,2006,10
2021,1912,4
2018,1946,22
2024,2010,3
2025,1944,9
2023,1948,22
2023,1925,31
2022,1948,6
2023,1936,1
2025,1946,10
2021,1948,30
2024,1940,6
2024,1948,13
2023,1940,5
2021,2008,2
2021,1936,4
2019,1917,4
2020,1918,3
2021,2006,2
2023,1929,6
2019,1941,3
2021,1940,4
2019,1932,1
2018,1944,8
2025,1943,1
2020,1945,3
2022,1929,2
2024,1929,3
2018,1918,5
2022,2010,2
2020,1916,6
2020,2007,1
2018,1914,3
2024,2008,4
2022,1925,7
2017,1911,2
2020,1944,11
2025,1934,2
2022,2006,1
2020,1927,4
2019,1939,1
2018,1916,2
2021,1921,5
2025,1945,7
2018,1927,1
2023,2008,1
2022,1936,2
2025,1938,2
2020,1915,2
2022,2008,1
2020,1913,2
2020,1938,1
2018,1915,4
2019,1935,1
2021,2010,1
2018,1938,1
2025,1927,1
2024,1936,1
2026,1993,1262
2026,2003,332
2026,1992,1160
2026,1989,1454
2026,1994,1226
2026,1914,6
2026,1977,45
2026,1984,373
2026,1946,5
2026,1975,43
2026,1978,155
2026,1945,4
2026,1944,8
2026,1956,7
2026,1915,12
2026,1934,5
2026,1918,25
2026,1974,39
2026,1927,18
2026,1938,5
2026,2007,6
2026,1972,53
2026,1913,5
2026,1959,11
2026,1943,2
2026,1916,6
2026,1957,14
2017,1989,808
2016,1963,168
2016,1983,786
2016,1988,920
2016,1981,697
2017,1994,516
2016,1985,934
2015,1989,1077
2015,1975,413
2015,1984,874
2016,1987,950
2016,1964,189
2015,1977,478
2016,1991,914
2015,1994,551
2015,1992,870
2015,1993,666
2017,1975,310
2015,1956,120
2016,1986,955
2016,1968,275
2015,1978,535
2016,1961,160
2015,1972,352
2017,1993,596
2017,1977,378
2015,1959,139
2016,1979,543
2017,1984,743
2017,1972,243
2017,1992,669
2016,1967,198
2017,1978,426
2017,1974,304
2017,1957,106
2015,1974,355
2016,1969,199
2016,1960,137
2017,1959,114
2015,1957,120
2017,1956,89
2015,1934,1
2016,1948,21
2015,1915,1
2015,1943,21
2017,1946,23
2015,1946,36
2015,1945,14
2015,1944,13
2015,1938,2
2017,1918,2
2017,2007,1
2017,1943,8
2015,1914,1
2017,1945,17
2017,1934,2
2017,1944,4
2016,1940,2
2015,1913,1
2016,1936,1
2015,1927,1
2018,1995,895
2023,1970,345
2023,1976,304
2024,1998,2227
2023,1926,25
2020,1990,1587
2025,1996,1146
2025,1990,6195
2022,1970,418
2022,1950,19
2025,1911,62
2020,2000,293
2025,1982,312
2022,1962,209
2025,2000,1125
2024,1926,39
2025,1971,121
2023,1998,2827
2025,2001,429
2018,1996,706
2022,1999,417
2023,1962,156
2024,1999,1257
2020,1996,905
2018,1982,845
2023,1999,462
2024,1997,917
2019,1993,926
2021,1997,950
2025,1995,2204
2024,1976,205
2025,1965,86
2022,1997,2580
2023,1920,65
2024,1922,48
2023,1966,216
2024,1910,28
2019,1994,1152
2024,1970,156
2024,1942,6
2020,1982,579
2023,2005,18
2022,1931,2
2023,1997,2969
2022,1952,32
2024,1920,82
2020,1973,281
2019,1989,1046
2022,1966,269
2021,1998,741
2025,1980,343
2021,1999,515
2018,1951,55
2023,2002,80
2023,1955,74
2019,1992,1091
2021,2002,139
2023,1952,6
2020,2001,147
2022,1998,1916
2023,1919,33
2025,1973,114
2020,1958,132
2018,1980,689
2023,1947,18
2022,1976,350
2023,1922,91
2025,1939,5
2024,2002,65
2020,1971,369
2020,1995,1353
2018,1973,291
2021,1976,547
2020,1980,658
2018,1990,1527
2024,1924,46
2024,1966,108
2021,1955,168
2022,2002,96
2022,1910,17
2020,1941,4
2023,1923,49
2024,2004,20
2022,1953,58
2024,1923,49
2018,1971,328
2021,1947,19
2019,1975,266
2019,1984,645
2025,1958,60
2021,1962,239
2020,1965,178
2019,1974,223
2018,2001,3
2021,1966,341
2023,1953,26
2019,1978,346
2020,1932,1
2018,1958,105
2021,1970,440
2025,1917,10
2018,1954,69
2019,1977,267
2019,1972,173
2020,1928,5
2021,1952,79
2019,1957,58
2018,2000,66
2019,1918,6
2018,1939,8
2020,1911,4
2019,1916,2
2021,1950,44
2022,1926,8
2024,1919,39
2021,1910,13
2023,2004,18
2018,1965,182
2022,1955,100
2021,1953,106
2022,2004,7
2021,1949,27
2020,1935,1
2020,1951,53
2019,1956,51
2020,1954,60
2023,1924,29
2023,1910,36
2021,1920,4
2018,1932,1
2019,1927,3
2019,1959,71
2021,1930,3
2024,1962,63
2019,2003,2
2024,1953,13
2024,1955,30
2024,2005,20
2022,1923,13
2022,1922,37
2023,1942,3
2024,1947,15
2022,1924,6
2024,1950,17
2023,1930,5
2023,1950,14
2023,1949,6
2021,1926,2
2023,2009,1
2021,1922,4
2022,1920,15
2024,1949,7
2025,1951,9
2025,1928,5
2024,1937,1
2021,1933,1
2021,1924,11
2019,1914,1
2021,1942,6
2019,1944,12
2021,1919,5
2018,1917,3
2019,1946,13
2023,1933,8
2022,1947,6
2021,1931,3
2022,1919,7
2024,1931,3
2025,1935,3
2019,1913,2
2018,1935,1
2020,1917,4
2024,1930,9
2021,2009,1
2018,1928,1
2022,1933,4
2019,1943,4
2018,1911,2
2021,1923,7
2021,2004,2
2022,1949,4
2025,1932,1
2024,1933,3
2021,2005,5
2024,1952,10
2025,1941,3
2019,1945,8
2020,1939,1
2024,2009,2
2022,1937,1
2018,1941,6
2022,1930,1
2017,1914,2
2017,2003,1
2025,1954,5
2017,1927,1
2022,1942,1
2023,1937,2
2019,1915,1
2023,1931,1
